d,cognome,nome,legislatura,gruppoParlamentare
http://dati.camera.it/ocd/deputato.rdf/d307105_18,TRIPODI,ELISA,http://dati.camera.it/ocd/legislatura.rdf/repubblica_18,VICEPRESIDENTE
http://dati.camera.it/ocd/deputato.rdf/d307105_18,TRIPODI,ELISA,http://dati.camera.it/ocd/legislatura.rdf/repubblica_18,SEGRETARIO
http://dati.camera.it/ocd/deputato.rdf/d307105_18,TRIPODI,ELISA,http://dati.camera.it/ocd/legislatura.rdf/repubblica_18,DELEGATO D'AULA
http://dati.camera.it/ocd/deputato.rdf/d307107_18,LAPIA,MARA,http://dati.camera.it/ocd/legislatura.rdf/repubblica_18,RAPPRESENTANTE COMPONENTE GRUPPO MISTO
http://dati.camera.it/ocd/deputato.rdf/d307107_18,LAPIA,MARA,http://dati.camera.it/ocd/legislatura.rdf/repubblica_18,VICEPRESIDENTE
http://dati.camera.it/ocd/deputato.rdf/d307123_18,SURIANO,SIMONA,http://dati.camera.it/ocd/legislatura.rdf/repubblica_18,RAPPRESENTANTE COMPONENTE GRUPPO MISTO
http://dati.camera.it/ocd/deputato.rdf/d307123_18,SURIANO,SIMONA,http://dati.camera.it/ocd/legislatura.rdf/repubblica_18,VICEPRESIDENTE
http://dati.camera.it/ocd/deputato.rdf/d306071_18,GRILLO,GIULIA,http://dati.camera.it/ocd/legislatura.rdf/repubblica_18,PRESIDENTE - PORTAVOCE
http://dati.camera.it/ocd/deputato.rdf/d10090_0,ROSSI,MARIA MADDALENA,http://dati.camera.it/ocd/legislatura.rdf/costituente,MEMBRO DEL C.D.
http://dati.camera.it/ocd/deputato.rdf/d10090_1,ROSSI,MARIA MADDALENA,http://dati.camera.it/ocd/legislatura.rdf/repubblica_01,MEMBRO DEL C.D.
http://dati.camera.it/ocd/deputato.rdf/d10090_2,ROSSI,MARIA MADDALENA,http://dati.camera.it/ocd/legislatura.rdf/repubblica_02,MEMBRO DEL C.D.
http://dati.camera.it/ocd/deputato.rdf/d10260_2,SAVIO,EMANUELA,http://dati.camera.it/ocd/legislatura.rdf/repubblica_02,MEMBRO DEL C.D.
http://dati.camera.it/ocd/deputato.rdf/d10830_3,VIVIANI,LUCIANA,http://dati.camera.it/ocd/legislatura.rdf/repubblica_03,MEMBRO DEL C.D.
http://dati.camera.it/ocd/deputato.rdf/d14680_9,BIANCHI,ROMANA,http://dati.camera.it/ocd/legislatura.rdf/repubblica_09,SEGRETARIO
http://dati.camera.it/ocd/deputato.rdf/d14710_7,BONINO,EMMA,http://dati.camera.it/ocd/legislatura.rdf/repubblica_07,PRESIDENTE
http://dati.camera.it/ocd/deputato.rdf/d14710_7,BONINO,EMMA,http://dati.camera.it/ocd/legislatura.rdf/repubblica_07,SEGRETARIO
http://dati.camera.it/ocd/deputato.rdf/d14710_8,BONINO,EMMA,http://dati.camera.it/ocd/legislatura.rdf/repubblica_08,PRESIDENTE
http://dati.camera.it/ocd/deputato.rdf/d14710_8,BONINO,EMMA,http://dati.camera.it/ocd/legislatura.rdf/repubblica_08,VICEPRESIDENTE
http://dati.camera.it/ocd/deputato.rdf/d15000_7,CASTELLINA,LUCIANA,http://dati.camera.it/ocd/legislatura.rdf/repubblica_07,PRESIDENTE
http://dati.camera.it/ocd/deputato.rdf/d15000_7,CASTELLINA,LUCIANA,http://dati.camera.it/ocd/legislatura.rdf/repubblica_07,VICEPRESIDENTE
http://dati.camera.it/ocd/deputato.rdf/d15430_7,FACCIO,ADELE,http://dati.camera.it/ocd/legislatura.rdf/repubblica_07,VICEPRESIDENTE
http://dati.camera.it/ocd/deputato.rdf/d15430_7,FACCIO,ADELE,http://dati.camera.it/ocd/legislatura.rdf/repubblica_07,SEGRETARIO
http://dati.camera.it/ocd/deputato.rdf/d15650_7,GRANATI,MARIA TERESA,http://dati.camera.it/ocd/legislatura.rdf/repubblica_07,SEGRETARIO
http://dati.camera.it/ocd/deputato.rdf/d16380_7,PALOMBY,ADRIANA,http://dati.camera.it/ocd/legislatura.rdf/repubblica_07,SEGRETARIO
http://dati.camera.it/ocd/deputato.rdf/d1650_8,CHIOVINI,CECILIA,http://dati.camera.it/ocd/legislatura.rdf/repubblica_08,SEGRETARIO
http://dati.camera.it/ocd/deputato.rdf/d1740_4,COCCO,MARIA GIULIA,http://dati.camera.it/ocd/legislatura.rdf/repubblica_04,MEMBRO DEL C.D.
http://dati.camera.it/ocd/deputato.rdf/d1740_5,COCCO,MARIA GIULIA,http://dati.camera.it/ocd/legislatura.rdf/repubblica_05,SEGRETARIO
http://dati.camera.it/ocd/deputato.rdf/d18240_4,CINCIARI,MARIA LISA,http://dati.camera.it/ocd/legislatura.rdf/repubblica_04,MEMBRO DEL C.D.
http://dati.camera.it/ocd/deputato.rdf/d19800_4,ROSSANDA,ROSSANA,http://dati.camera.it/ocd/legislatura.rdf/repubblica_04,MEMBRO DEL C.D.
http://dati.camera.it/ocd/deputato.rdf/d200103_15,BONIVER,MARGHERITA,http://dati.camera.it/ocd/legislatura.rdf/repubblica_15,CONSIGLIERE
http://dati.camera.it/ocd/deputato.rdf/d200359_10,FAGNI,EDDA,http://dati.camera.it/ocd/legislatura.rdf/repubblica_10,VICEPRESIDENTE
http://dati.camera.it/ocd/deputato.rdf/d200813_14,ROCCHI,CARLA,http://dati.camera.it/ocd/legislatura.rdf/repubblica_14,MEMBRO DEL C.D.
http://dati.camera.it/ocd/deputato.rdf/d200888_16,SILIQUINI,MARIA GRAZIA,http://dati.camera.it/ocd/legislatura.rdf/repubblica_16,VICEPRESIDENTE
http://dati.camera.it/ocd/deputato.rdf/d20390_7,GALLI,MARIA LUISA,http://dati.camera.it/ocd/legislatura.rdf/repubblica_07,SEGRETARIO
http://dati.camera.it/ocd/deputato.rdf/d20420_10,AGLIETTA,MARIA ADELAIDE,http://dati.camera.it/ocd/legislatura.rdf/repubblica_10,VICEPRESIDENTE
http://dati.camera.it/ocd/deputato.rdf/d20420_8,AGLIETTA,MARIA ADELAIDE,http://dati.camera.it/ocd/legislatura.rdf/repubblica_08,PRESIDENTE
http://dati.camera.it/ocd/deputato.rdf/d21300_11,GARAVAGLIA,MARIAPIA,http://dati.camera.it/ocd/legislatura.rdf/repubblica_11,MEMBRO DEL C.D.
http://dati.camera.it/ocd/deputato.rdf/d22660_9,ARTIOLI,ROSSELLA,http://dati.camera.it/ocd/legislatura.rdf/repubblica_09,SEGRETARIO
http://dati.camera.it/ocd/deputato.rdf/d22710_10,BALBO,LAURA,http://dati.camera.it/ocd/legislatura.rdf/repubblica_10,VICEPRESIDENTE
http://dati.camera.it/ocd/deputato.rdf/d22970_9,CAPECCHI,MARIA TERESA,http://dati.camera.it/ocd/legislatura.rdf/repubblica_09,SEGRETARIO
http://dati.camera.it/ocd/deputato.rdf/d24080_10,NENNA,ANNA,http://dati.camera.it/ocd/legislatura.rdf/repubblica_10,VICEPRESIDENTE
http://dati.camera.it/ocd/deputato.rdf/d24080_11,NENNA,ANNA,http://dati.camera.it/ocd/legislatura.rdf/repubblica_11,VICEPRESIDENTE
http://dati.camera.it/ocd/deputato.rdf/d24180_10,PEDRAZZI,ANNA MARIA,http://dati.camera.it/ocd/legislatura.rdf/repubblica_10,VICEPRESIDENTE
http://dati.camera.it/ocd/deputato.rdf/d25080_11,COSTA,SILVIA,http://dati.camera.it/ocd/legislatura.rdf/repubblica_11,SEGRETARIO
http://dati.camera.it/ocd/deputato.rdf/d25130_11,BREDA,ROBERTA,http://dati.camera.it/ocd/legislatura.rdf/repubblica_11,SEGRETARIO AMM.
http://dati.camera.it/ocd/deputato.rdf/d25160_14,MONTECCHI,ELENA,http://dati.camera.it/ocd/legislatura.rdf/repubblica_14,VICEPRESIDENTE
http://dati.camera.it/ocd/deputato.rdf/d25160_14,MONTECCHI,ELENA,http://dati.camera.it/ocd/legislatura.rdf/repubblica_14,MEMBRO DEL C.D.
http://dati.camera.it/ocd/deputato.rdf/d25630_1,CONCI,ELISABETTA,http://dati.camera.it/ocd/legislatura.rdf/repubblica_01,SEGRETARIO
http://dati.camera.it/ocd/deputato.rdf/d25630_1,CONCI,ELISABETTA,http://dati.camera.it/ocd/legislatura.rdf/repubblica_01,VICESEGRETARIO
http://dati.camera.it/ocd/deputato.rdf/d25630_2,CONCI,ELISABETTA,http://dati.camera.it/ocd/legislatura.rdf/repubblica_02,SEGRETARIO
http://dati.camera.it/ocd/deputato.rdf/d25630_3,CONCI,ELISABETTA,http://dati.camera.it/ocd/legislatura.rdf/repubblica_03,SEGRETARIO
http://dati.camera.it/ocd/deputato.rdf/d25630_4,CONCI,ELISABETTA,http://dati.camera.it/ocd/legislatura.rdf/repubblica_04,SEGRETARIO
http://dati.camera.it/ocd/deputato.rdf/d28760_10,ARNABOLDI,PATRIZIA,http://dati.camera.it/ocd/legislatura.rdf/repubblica_10,PRESIDENTE
http://dati.camera.it/ocd/deputato.rdf/d28760_10,ARNABOLDI,PATRIZIA,http://dati.camera.it/ocd/legislatura.rdf/repubblica_10,VICEPRESIDENTE
http://dati.camera.it/ocd/deputato.rdf/d28840_10,BECCHI,ADA,http://dati.camera.it/ocd/legislatura.rdf/repubblica_10,PRESIDENTE
http://dati.camera.it/ocd/deputato.rdf/d29280_10,CIMA,LAURA,http://dati.camera.it/ocd/legislatura.rdf/repubblica_10,PRESIDENTE
http://dati.camera.it/ocd/deputato.rdf/d29280_10,CIMA,LAURA,http://dati.camera.it/ocd/legislatura.rdf/repubblica_10,VICEPRESIDENTE
http://dati.camera.it/ocd/deputato.rdf/d29470_10,DIAZ,ANNALISA,http://dati.camera.it/ocd/legislatura.rdf/repubblica_10,VICEPRESIDENTE
http://dati.camera.it/ocd/deputato.rdf/d29490_11,DI PRISCO,ELISABETTA,http://dati.camera.it/ocd/legislatura.rdf/repubblica_11,MEMBRO DEL C.D.
http://dati.camera.it/ocd/deputato.rdf/d29500_10,DONATI,ANNA,http://dati.camera.it/ocd/legislatura.rdf/repubblica_10,VICEPRESIDENTE
http://dati.camera.it/ocd/deputato.rdf/d29570_10,FILIPPINI,ROSA,http://dati.camera.it/ocd/legislatura.rdf/repubblica_10,VICEPRESIDENTE
http://dati.camera.it/ocd/deputato.rdf/d29580_11,FINOCCHIARO,ANNA,http://dati.camera.it/ocd/legislatura.rdf/repubblica_11,VICEPRESIDENTE
http://dati.camera.it/ocd/deputato.rdf/d29580_12,FINOCCHIARO,ANNA,http://dati.camera.it/ocd/legislatura.rdf/repubblica_12,MEMBRO DEL C.D.
http://dati.camera.it/ocd/deputato.rdf/d29580_14,FINOCCHIARO,ANNA,http://dati.camera.it/ocd/legislatura.rdf/repubblica_14,MEMBRO DEL C.D.
http://dati.camera.it/ocd/deputato.rdf/d29650_11,FUMAGALLI CARULLI,BATTISTINA,http://dati.camera.it/ocd/legislatura.rdf/repubblica_11,VICEPRESIDENTE
http://dati.camera.it/ocd/deputato.rdf/d29760_10,GROSSO,MARIA TERESA,http://dati.camera.it/ocd/legislatura.rdf/repubblica_10,VICEPRESIDENTE
http://dati.camera.it/ocd/deputato.rdf/d29780_10,GUIDETTI SERRA,BIANCA,http://dati.camera.it/ocd/legislatura.rdf/repubblica_10,VICEPRESIDENTE
http://dati.camera.it/ocd/deputato.rdf/d29900_12,LORENZETTI,MARIA RITA,http://dati.camera.it/ocd/legislatura.rdf/repubblica_12,MEMBRO DEL C.D.
http://dati.camera.it/ocd/deputato.rdf/d300231_14,SERENI,MARINA,http://dati.camera.it/ocd/legislatura.rdf/repubblica_14,MEMBRO DEL C.D.
http://dati.camera.it/ocd/deputato.rdf/d300231_15,SERENI,MARINA,http://dati.camera.it/ocd/legislatura.rdf/repubblica_15,DELEGATO D'AULA
http://dati.camera.it/ocd/deputato.rdf/d300231_15,SERENI,MARINA,http://dati.camera.it/ocd/legislatura.rdf/repubblica_15,VICEPRES. VICARIO
http://dati.camera.it/ocd/deputato.rdf/d300231_16,SERENI,MARINA,http://dati.camera.it/ocd/legislatura.rdf/repubblica_16,VICEPRES. VICARIO
http://dati.camera.it/ocd/deputato.rdf/d300231_16,SERENI,MARINA,http://dati.camera.it/ocd/legislatura.rdf/repubblica_16,DELEGATO D'AULA
http://dati.camera.it/ocd/deputato.rdf/d300259_15,MOTTA,CARMEN,http://dati.camera.it/ocd/legislatura.rdf/repubblica_15,MEMBRO DEL C.D.
http://dati.camera.it/ocd/deputato.rdf/d300259_16,MOTTA,CARMEN,http://dati.camera.it/ocd/legislatura.rdf/repubblica_16,MEMBRO DEL C.D.
http://dati.camera.it/ocd/deputato.rdf/d300261_14,OTTONE,ROSELLA,http://dati.camera.it/ocd/legislatura.rdf/repubblica_14,MEMBRO DEL C.D.
http://dati.camera.it/ocd/deputato.rdf/d300274_14,BIANCHI,DORINA,http://dati.camera.it/ocd/legislatura.rdf/repubblica_14,MEMBRO DEL C.D.
http://dati.camera.it/ocd/deputato.rdf/d300274_17,BIANCHI,DORINA,http://dati.camera.it/ocd/legislatura.rdf/repubblica_17,DELEGATO D'AULA
http://dati.camera.it/ocd/deputato.rdf/d300274_17,BIANCHI,DORINA,http://dati.camera.it/ocd/legislatura.rdf/repubblica_17,VICEPRESIDENTE
http://dati.camera.it/ocd/deputato.rdf/d300293_14,MARIANI,RAFFAELLA,http://dati.camera.it/ocd/legislatura.rdf/repubblica_14,MEMBRO DEL C.D.
http://dati.camera.it/ocd/deputato.rdf/d300293_14,MARIANI,RAFFAELLA,http://dati.camera.it/ocd/legislatura.rdf/repubblica_14,SEGRETARIO
http://dati.camera.it/ocd/deputato.rdf/d300293_16,MARIANI,RAFFAELLA,http://dati.camera.it/ocd/legislatura.rdf/repubblica_16,MEMBRO DEL C.D.
http://dati.camera.it/ocd/deputato.rdf/d300296_14,MILANATO,LORENA,http://dati.camera.it/ocd/legislatura.rdf/repubblica_14,MEMBRO DEL C.D.
http://dati.camera.it/ocd/deputato.rdf/d300296_15,MILANATO,LORENA,http://dati.camera.it/ocd/legislatura.rdf/repubblica_15,CONSIGLIERE
http://dati.camera.it/ocd/deputato.rdf/d300296_17,MILANATO,LORENA,http://dati.camera.it/ocd/legislatura.rdf/repubblica_17,DELEGATO D'AULA
http://dati.camera.it/ocd/deputato.rdf/d300306_14,SANTELLI,JOLE,http://dati.camera.it/ocd/legislatura.rdf/repubblica_14,MEMBRO DEL C.D.
http://dati.camera.it/ocd/deputato.rdf/d300306_15,SANTELLI,JOLE,http://dati.camera.it/ocd/legislatura.rdf/repubblica_15,CONSIGLIERE
http://dati.camera.it/ocd/deputato.rdf/d300306_16,SANTELLI,JOLE,http://dati.camera.it/ocd/legislatura.rdf/repubblica_16,DELEGATO D'AULA
http://dati.camera.it/ocd/deputato.rdf/d300306_16,SANTELLI,JOLE,http://dati.camera.it/ocd/legislatura.rdf/repubblica_16,VICEPRESIDENTE
http://dati.camera.it/ocd/deputato.rdf/d300408_14,BERTOLINI,ISABELLA,http://dati.camera.it/ocd/legislatura.rdf/repubblica_14,MEMBRO DEL C.D.
http://dati.camera.it/ocd/deputato.rdf/d300408_14,BERTOLINI,ISABELLA,http://dati.camera.it/ocd/legislatura.rdf/repubblica_14,DELEGATO D'AULA
http://dati.camera.it/ocd/deputato.rdf/d300408_14,BERTOLINI,ISABELLA,http://dati.camera.it/ocd/legislatura.rdf/repubblica_14,VICEPRESIDENTE
http://dati.camera.it/ocd/deputato.rdf/d300408_15,BERTOLINI,ISABELLA,http://dati.camera.it/ocd/legislatura.rdf/repubblica_15,VICEPRESIDENTE
http://dati.camera.it/ocd/deputato.rdf/d300408_16,BERTOLINI,ISABELLA,http://dati.camera.it/ocd/legislatura.rdf/repubblica_16,VICEPRESIDENTE
http://dati.camera.it/ocd/deputato.rdf/d300408_16,BERTOLINI,ISABELLA,http://dati.camera.it/ocd/legislatura.rdf/repubblica_16,MEMBRO DEL C.D.
http://dati.camera.it/ocd/deputato.rdf/d300421_14,MAGNOLFI,BEATRICE MARIA,http://dati.camera.it/ocd/legislatura.rdf/repubblica_14,SEGRETARIO
http://dati.camera.it/ocd/deputato.rdf/d300421_14,MAGNOLFI,BEATRICE MARIA,http://dati.camera.it/ocd/legislatura.rdf/repubblica_14,MEMBRO DEL C.D.
http://dati.camera.it/ocd/deputato.rdf/d300448_16,LUSSANA,CAROLINA,http://dati.camera.it/ocd/legislatura.rdf/repubblica_16,VICEPRES. VICARIO
http://dati.camera.it/ocd/deputato.rdf/d300448_16,LUSSANA,CAROLINA,http://dati.camera.it/ocd/legislatura.rdf/repubblica_16,DELEGATO D'AULA
http://dati.camera.it/ocd/deputato.rdf/d300448_16,LUSSANA,CAROLINA,http://dati.camera.it/ocd/legislatura.rdf/repubblica_16,VICEPRESIDENTE
http://dati.camera.it/ocd/deputato.rdf/d300450_14,MORONI,CHIARA,http://dati.camera.it/ocd/legislatura.rdf/repubblica_14,VICEPRESIDENTE
http://dati.camera.it/ocd/deputato.rdf/d300450_14,MORONI,CHIARA,http://dati.camera.it/ocd/legislatura.rdf/repubblica_14,RAPPRESENTANTE COMPONENTE GRUPPO MISTO
http://dati.camera.it/ocd/deputato.rdf/d300450_15,MORONI,CHIARA,http://dati.camera.it/ocd/legislatura.rdf/repubblica_15,VICEPRESIDENTE
http://dati.camera.it/ocd/deputato.rdf/d300450_16,MORONI,CHIARA,http://dati.camera.it/ocd/legislatura.rdf/repubblica_16,TESORIERE
http://dati.camera.it/ocd/deputato.rdf/d300450_16,MORONI,CHIARA,http://dati.camera.it/ocd/legislatura.rdf/repubblica_16,DELEGATO D'AULA
http://dati.camera.it/ocd/deputato.rdf/d300450_16,MORONI,CHIARA,http://dati.camera.it/ocd/legislatura.rdf/repubblica_16,VICEPRESIDENTE
http://dati.camera.it/ocd/deputato.rdf/d300469_14,ZANELLA,LUANA,http://dati.camera.it/ocd/legislatura.rdf/repubblica_14,VICEPRESIDENTE
http://dati.camera.it/ocd/deputato.rdf/d300469_14,ZANELLA,LUANA,http://dati.camera.it/ocd/legislatura.rdf/repubblica_14,RAPPRESENTANTE COMPONENTE GRUPPO MISTO
http://dati.camera.it/ocd/deputato.rdf/d300469_15,ZANELLA,LUANA,http://dati.camera.it/ocd/legislatura.rdf/repubblica_15,VICEPRESIDENTE
http://dati.camera.it/ocd/deputato.rdf/d300469_15,ZANELLA,LUANA,http://dati.camera.it/ocd/legislatura.rdf/repubblica_15,DELEGATO D'AULA
http://dati.camera.it/ocd/deputato.rdf/d300470_14,ZANOTTI,KATIA,http://dati.camera.it/ocd/legislatura.rdf/repubblica_14,MEMBRO DEL C.D.
http://dati.camera.it/ocd/deputato.rdf/d300472_14,MASCIA,GRAZIELLA,http://dati.camera.it/ocd/legislatura.rdf/repubblica_14,VICEPRESIDENTE
http://dati.camera.it/ocd/deputato.rdf/d300472_14,MASCIA,GRAZIELLA,http://dati.camera.it/ocd/legislatura.rdf/repubblica_14,DELEGATO D'AULA
http://dati.camera.it/ocd/deputato.rdf/d300472_15,MASCIA,GRAZIELLA,http://dati.camera.it/ocd/legislatura.rdf/repubblica_15,VICEPRESIDENTE
http://dati.camera.it/ocd/deputato.rdf/d300484_14,MAZZUCA,CARLA,http://dati.camera.it/ocd/legislatura.rdf/repubblica_14,VICEPRESIDENTE
http://dati.camera.it/ocd/deputato.rdf/d300484_14,MAZZUCA,CARLA,http://dati.camera.it/ocd/legislatura.rdf/repubblica_14,RAPPRESENTANTE COMPONENTE GRUPPO MISTO
http://dati.camera.it/ocd/deputato.rdf/d300488_14,SASSO,ALBA,http://dati.camera.it/ocd/legislatura.rdf/repubblica_14,MEMBRO DEL C.D.
http://dati.camera.it/ocd/deputato.rdf/d301449_17,GELMINI,MARIASTELLA,http://dati.camera.it/ocd/legislatura.rdf/repubblica_17,VICEPRES. VICARIO
http://dati.camera.it/ocd/deputato.rdf/d301449_17,GELMINI,MARIASTELLA,http://dati.camera.it/ocd/legislatura.rdf/repubblica_17,DELEGATO D'AULA
http://dati.camera.it/ocd/deputato.rdf/d301454_15,CRAXI,STEFANIA GABRIELLA ANASTASIA,http://dati.camera.it/ocd/legislatura.rdf/repubblica_15,CONSIGLIERE
http://dati.camera.it/ocd/deputato.rdf/d301480_16,LENZI,DONATA,http://dati.camera.it/ocd/legislatura.rdf/repubblica_16,SEGRETARIO
http://dati.camera.it/ocd/deputato.rdf/d301485_16,GHIZZONI,MANUELA,http://dati.camera.it/ocd/legislatura.rdf/repubblica_16,MEMBRO DEL C.D.
http://dati.camera.it/ocd/deputato.rdf/d301495_17,VELO,SILVIA,http://dati.camera.it/ocd/legislatura.rdf/repubblica_17,VICEPRESIDENTE
http://dati.camera.it/ocd/deputato.rdf/d301517_15,SUPPA,ROSA,http://dati.camera.it/ocd/legislatura.rdf/repubblica_15,MEMBRO DEL C.D.
http://dati.camera.it/ocd/deputato.rdf/d301548_17,FONTANA,CINZIA MARIA,http://dati.camera.it/ocd/legislatura.rdf/repubblica_17,SEGRETARIO
http://dati.camera.it/ocd/deputato.rdf/d301548_17,FONTANA,CINZIA MARIA,http://dati.camera.it/ocd/legislatura.rdf/repubblica_17,DELEGATO D'AULA
http://dati.camera.it/ocd/deputato.rdf/d301564_16,BELLANOVA,TERESA,http://dati.camera.it/ocd/legislatura.rdf/repubblica_16,MEMBRO DEL C.D.
http://dati.camera.it/ocd/deputato.rdf/d301564_17,BELLANOVA,TERESA,http://dati.camera.it/ocd/legislatura.rdf/repubblica_17,SEGRETARIO
http://dati.camera.it/ocd/deputato.rdf/d301567_15,INCOSTANTE,MARIA FORTUNA,http://dati.camera.it/ocd/legislatura.rdf/repubblica_15,MEMBRO DEL C.D.
http://dati.camera.it/ocd/deputato.rdf/d301576_15,DI SALVO,TERESA MARIA,http://dati.camera.it/ocd/legislatura.rdf/repubblica_15,PRESIDENTE
http://dati.camera.it/ocd/deputato.rdf/d301576_17,DI SALVO,TERESA MARIA,http://dati.camera.it/ocd/legislatura.rdf/repubblica_17,DELEGATO D'AULA
http://dati.camera.it/ocd/deputato.rdf/d301576_17,DI SALVO,TERESA MARIA,http://dati.camera.it/ocd/legislatura.rdf/repubblica_17,RAPPRESENTANTE COMPONENTE GRUPPO MISTO
http://dati.camera.it/ocd/deputato.rdf/d301576_17,DI SALVO,TERESA MARIA,http://dati.camera.it/ocd/legislatura.rdf/repubblica_17,VICEPRES. VICARIO
http://dati.camera.it/ocd/deputato.rdf/d301576_17,DI SALVO,TERESA MARIA,http://dati.camera.it/ocd/legislatura.rdf/repubblica_17,SEGRETARIO
http://dati.camera.it/ocd/deputato.rdf/d301576_17,DI SALVO,TERESA MARIA,http://dati.camera.it/ocd/legislatura.rdf/repubblica_17,VICEPRESIDENTE
http://dati.camera.it/ocd/deputato.rdf/d302066_16,SAMPERI,MARIA,http://dati.camera.it/ocd/legislatura.rdf/repubblica_16,MEMBRO DEL C.D.
http://dati.camera.it/ocd/deputato.rdf/d302085_15,FORMISANO,ANNA TERESA,http://dati.camera.it/ocd/legislatura.rdf/repubblica_15,MEMBRO DEL C.D.
http://dati.camera.it/ocd/deputato.rdf/d302103_17,MELONI,GIORGIA,http://dati.camera.it/ocd/legislatura.rdf/repubblica_17,PRESIDENTE
http://dati.camera.it/ocd/deputato.rdf/d302124_15,BIANCOFIORE,MICHAELA,http://dati.camera.it/ocd/legislatura.rdf/repubblica_15,CONSIGLIERE
http://dati.camera.it/ocd/deputato.rdf/d302124_16,BIANCOFIORE,MICHAELA,http://dati.camera.it/ocd/legislatura.rdf/repubblica_16,MEMBRO DEL C.D.
http://dati.camera.it/ocd/deputato.rdf/d302162_16,BOCCIARDO,MARIELLA,http://dati.camera.it/ocd/legislatura.rdf/repubblica_16,MEMBRO DEL C.D.
http://dati.camera.it/ocd/deputato.rdf/d302278_16,VILLECCO,ROSA MARIA,http://dati.camera.it/ocd/legislatura.rdf/repubblica_16,VICEPRESIDENTE
http://dati.camera.it/ocd/deputato.rdf/d302322_16,MELCHIORRE,DANIELA,http://dati.camera.it/ocd/legislatura.rdf/repubblica_16,VICEPRESIDENTE
http://dati.camera.it/ocd/deputato.rdf/d302322_16,MELCHIORRE,DANIELA,http://dati.camera.it/ocd/legislatura.rdf/repubblica_16,RAPPRESENTANTE COMPONENTE GRUPPO MISTO
http://dati.camera.it/ocd/deputato.rdf/d302751_16,FERRANTI,DONATELLA,http://dati.camera.it/ocd/legislatura.rdf/repubblica_16,MEMBRO DEL C.D.
http://dati.camera.it/ocd/deputato.rdf/d302764_16,COMAROLI,SILVANA ANDREINA,http://dati.camera.it/ocd/legislatura.rdf/repubblica_16,SEGRETARIO AMM.
http://dati.camera.it/ocd/deputato.rdf/d302783_16,LORENZIN,BEATRICE,http://dati.camera.it/ocd/legislatura.rdf/repubblica_16,MEMBRO DEL C.D.
http://dati.camera.it/ocd/deputato.rdf/d302786_16,DE GIROLAMO,NUNZIA,http://dati.camera.it/ocd/legislatura.rdf/repubblica_16,MEMBRO DEL C.D.
http://dati.camera.it/ocd/deputato.rdf/d302786_17,DE GIROLAMO,NUNZIA,http://dati.camera.it/ocd/legislatura.rdf/repubblica_17,PRESIDENTE
http://dati.camera.it/ocd/deputato.rdf/d302796_16,COSCIA,MARIA,http://dati.camera.it/ocd/legislatura.rdf/repubblica_16,MEMBRO DEL C.D.
http://dati.camera.it/ocd/deputato.rdf/d302809_16,PICIERNO,GIUSEPPINA,http://dati.camera.it/ocd/legislatura.rdf/repubblica_16,MEMBRO DEL C.D.
http://dati.camera.it/ocd/deputato.rdf/d302812_16,BOSSA,LUISA,http://dati.camera.it/ocd/legislatura.rdf/repubblica_16,MEMBRO DEL C.D.
http://dati.camera.it/ocd/deputato.rdf/d302823_16,DAL LAGO,MANUELA,http://dati.camera.it/ocd/legislatura.rdf/repubblica_16,VICEPRES. VICARIO
http://dati.camera.it/ocd/deputato.rdf/d302823_16,DAL LAGO,MANUELA,http://dati.camera.it/ocd/legislatura.rdf/repubblica_16,DELEGATO D'AULA
http://dati.camera.it/ocd/deputato.rdf/d302823_16,DAL LAGO,MANUELA,http://dati.camera.it/ocd/legislatura.rdf/repubblica_16,VICEPRESIDENTE
http://dati.camera.it/ocd/deputato.rdf/d302830_16,MIOTTO,ANNA MARGHERITA,http://dati.camera.it/ocd/legislatura.rdf/repubblica_16,MEMBRO DEL C.D.
http://dati.camera.it/ocd/deputato.rdf/d302831_16,MOGHERINI,FEDERICA,http://dati.camera.it/ocd/legislatura.rdf/repubblica_16,MEMBRO DEL C.D.
http://dati.camera.it/ocd/deputato.rdf/d302840_16,PES,CATERINA,http://dati.camera.it/ocd/legislatura.rdf/repubblica_16,MEMBRO DEL C.D.
http://dati.camera.it/ocd/deputato.rdf/d302853_16,MARCHIONI,ELISA,http://dati.camera.it/ocd/legislatura.rdf/repubblica_16,MEMBRO DEL C.D.
http://dati.camera.it/ocd/deputato.rdf/d302856_17,DE MICHELI,PAOLA,http://dati.camera.it/ocd/legislatura.rdf/repubblica_17,VICEPRES. VICARIO
http://dati.camera.it/ocd/deputato.rdf/d302856_17,DE MICHELI,PAOLA,http://dati.camera.it/ocd/legislatura.rdf/repubblica_17,DELEGATO D'AULA
http://dati.camera.it/ocd/deputato.rdf/d302858_16,MURER,DELIA,http://dati.camera.it/ocd/legislatura.rdf/repubblica_16,MEMBRO DEL C.D.
http://dati.camera.it/ocd/deputato.rdf/d302858_17,MURER,DELIA,http://dati.camera.it/ocd/legislatura.rdf/repubblica_17,SEGRETARIO D'AULA
http://dati.camera.it/ocd/deputato.rdf/d302858_17,MURER,DELIA,http://dati.camera.it/ocd/legislatura.rdf/repubblica_17,VICEPRESIDENTE
http://dati.camera.it/ocd/deputato.rdf/d302871_17,FAENZI,MONICA,http://dati.camera.it/ocd/legislatura.rdf/repubblica_17,MEMBRO DEL C.D.
http://dati.camera.it/ocd/deputato.rdf/d302871_17,FAENZI,MONICA,http://dati.camera.it/ocd/legislatura.rdf/repubblica_17,DELEGATO D'AULA
http://dati.camera.it/ocd/deputato.rdf/d302899_17,GARAVINI,LAURA,http://dati.camera.it/ocd/legislatura.rdf/repubblica_17,SEGRETARIO
http://dati.camera.it/ocd/deputato.rdf/d302914_16,SALTAMARTINI,BARBARA,http://dati.camera.it/ocd/legislatura.rdf/repubblica_16,MEMBRO DEL C.D.
http://dati.camera.it/ocd/deputato.rdf/d302914_16,SALTAMARTINI,BARBARA,http://dati.camera.it/ocd/legislatura.rdf/repubblica_16,VICEPRESIDENTE
http://dati.camera.it/ocd/deputato.rdf/d302914_17,SALTAMARTINI,BARBARA,http://dati.camera.it/ocd/legislatura.rdf/repubblica_17,VICEPRESIDENTE
http://dati.camera.it/ocd/deputato.rdf/d302919_16,BERNARDINI,RITA,http://dati.camera.it/ocd/legislatura.rdf/repubblica_16,MEMBRO DEL C.D.
http://dati.camera.it/ocd/deputato.rdf/d302968_16,POLIDORI,CATIA,http://dati.camera.it/ocd/legislatura.rdf/repubblica_16,MEMBRO DEL C.D.
http://dati.camera.it/ocd/deputato.rdf/d302973_16,STASI,MARIA ELENA,http://dati.camera.it/ocd/legislatura.rdf/repubblica_16,VICEPRESIDENTE
http://dati.camera.it/ocd/deputato.rdf/d30380_10,PROCACCI,ANNAMARIA,http://dati.camera.it/ocd/legislatura.rdf/repubblica_10,VICEPRESIDENTE
http://dati.camera.it/ocd/deputato.rdf/d30380_13,PROCACCI,ANNAMARIA,http://dati.camera.it/ocd/legislatura.rdf/repubblica_13,VICEPRESIDENTE
http://dati.camera.it/ocd/deputato.rdf/d305525_17,CASTELLI,LAURA,http://dati.camera.it/ocd/legislatura.rdf/repubblica_17,VICEPRES. VICARIO - PORTAVOCE
http://dati.camera.it/ocd/deputato.rdf/d305525_17,CASTELLI,LAURA,http://dati.camera.it/ocd/legislatura.rdf/repubblica_17,TESORIERE
http://dati.camera.it/ocd/deputato.rdf/d305525_17,CASTELLI,LAURA,http://dati.camera.it/ocd/legislatura.rdf/repubblica_17,VICEPRESIDENTE
http://dati.camera.it/ocd/deputato.rdf/d305569_17,FREGOLENT,SILVIA,http://dati.camera.it/ocd/legislatura.rdf/repubblica_17,SEGRETARIO
http://dati.camera.it/ocd/deputato.rdf/d305569_17,FREGOLENT,SILVIA,http://dati.camera.it/ocd/legislatura.rdf/repubblica_17,VICEPRESIDENTE
http://dati.camera.it/ocd/deputato.rdf/d305602_17,BUSINAROLO,FRANCESCA,http://dati.camera.it/ocd/legislatura.rdf/repubblica_17,VICEPRESIDENTE
http://dati.camera.it/ocd/deputato.rdf/d305602_17,BUSINAROLO,FRANCESCA,http://dati.camera.it/ocd/legislatura.rdf/repubblica_17,VICEPRES. VICARIO - PORTAVOCE
http://dati.camera.it/ocd/deputato.rdf/d305668_17,SPESSOTTO,ARIANNA,http://dati.camera.it/ocd/legislatura.rdf/repubblica_17,TESORIERE
http://dati.camera.it/ocd/deputato.rdf/d305692_17,GALGANO,ADRIANA EDEN SUSANNA,http://dati.camera.it/ocd/legislatura.rdf/repubblica_17,DELEGATO D'AULA
http://dati.camera.it/ocd/deputato.rdf/d305692_17,GALGANO,ADRIANA EDEN SUSANNA,http://dati.camera.it/ocd/legislatura.rdf/repubblica_17,VICEPRESIDENTE
http://dati.camera.it/ocd/deputato.rdf/d305737_17,OLIARO,ROBERTA,http://dati.camera.it/ocd/legislatura.rdf/repubblica_17,SEGRETARIO D'AULA
http://dati.camera.it/ocd/deputato.rdf/d305755_17,VEZZALI,MARIA VALENTINA,http://dati.camera.it/ocd/legislatura.rdf/repubblica_17,VICEPRESIDENTE
http://dati.camera.it/ocd/deputato.rdf/d305755_17,VEZZALI,MARIA VALENTINA,http://dati.camera.it/ocd/legislatura.rdf/repubblica_17,MEMBRO DEL C.D.
http://dati.camera.it/ocd/deputato.rdf/d305761_17,POLVERINI,RENATA,http://dati.camera.it/ocd/legislatura.rdf/repubblica_17,DELEGATO D'AULA
http://dati.camera.it/ocd/deputato.rdf/d305780_17,MORANI,ALESSIA,http://dati.camera.it/ocd/legislatura.rdf/repubblica_17,VICEPRESIDENTE
http://dati.camera.it/ocd/deputato.rdf/d305788_17,LOMBARDI,ROBERTA,http://dati.camera.it/ocd/legislatura.rdf/repubblica_17,PRESIDENTE
http://dati.camera.it/ocd/deputato.rdf/d305821_17,GREGORI,MONICA,http://dati.camera.it/ocd/legislatura.rdf/repubblica_17,SEGRETARIO
http://dati.camera.it/ocd/deputato.rdf/d305883_17,PANNARALE,ANNA LUCIA LISA,http://dati.camera.it/ocd/legislatura.rdf/repubblica_17,DELEGATO D'AULA
http://dati.camera.it/ocd/deputato.rdf/d305883_17,PANNARALE,ANNA LUCIA LISA,http://dati.camera.it/ocd/legislatura.rdf/repubblica_17,VICEPRESIDENTE
http://dati.camera.it/ocd/deputato.rdf/d305913_17,GIORDANO,SILVIA,http://dati.camera.it/ocd/legislatura.rdf/repubblica_17,SEGRETARIO
http://dati.camera.it/ocd/deputato.rdf/d305970_17,SPADONI,MARIA EDERA,http://dati.camera.it/ocd/legislatura.rdf/repubblica_17,VICEPRESIDENTE
http://dati.camera.it/ocd/deputato.rdf/d305970_17,SPADONI,MARIA EDERA,http://dati.camera.it/ocd/legislatura.rdf/repubblica_17,DELEGATO D'AULA
http://dati.camera.it/ocd/deputato.rdf/d305982_17,LIUZZI,MIRELLA,http://dati.camera.it/ocd/legislatura.rdf/repubblica_17,SEGRETARIO
http://dati.camera.it/ocd/deputato.rdf/d305984_17,TINAGLI,IRENE,http://dati.camera.it/ocd/legislatura.rdf/repubblica_17,MEMBRO DEL C.D.
http://dati.camera.it/ocd/deputato.rdf/d305989_17,SCHIRO',GEA,http://dati.camera.it/ocd/legislatura.rdf/repubblica_17,SEGRETARIO D'AULA
http://dati.camera.it/ocd/deputato.rdf/d305989_17,SCHIRO',GEA,http://dati.camera.it/ocd/legislatura.rdf/repubblica_17,VICEPRESIDENTE
http://dati.camera.it/ocd/deputato.rdf/d305989_17,SCHIRO',GEA,http://dati.camera.it/ocd/legislatura.rdf/repubblica_17,MEMBRO DEL C.D.
http://dati.camera.it/ocd/deputato.rdf/d305989_17,SCHIRO',GEA,http://dati.camera.it/ocd/legislatura.rdf/repubblica_17,DELEGATO D'AULA
http://dati.camera.it/ocd/deputato.rdf/d306008_17,GRIBAUDO,CHIARA,http://dati.camera.it/ocd/legislatura.rdf/repubblica_17,VICEPRESIDENTE
http://dati.camera.it/ocd/deputato.rdf/d306020_17,DADONE,FABIANA,http://dati.camera.it/ocd/legislatura.rdf/repubblica_17,VICEPRES. VICARIO - PORTAVOCE
http://dati.camera.it/ocd/deputato.rdf/d306020_17,DADONE,FABIANA,http://dati.camera.it/ocd/legislatura.rdf/repubblica_17,VICEPRESIDENTE
http://dati.camera.it/ocd/deputato.rdf/d306050_17,CANCELLERI,AZZURRA PIA MARIA,http://dati.camera.it/ocd/legislatura.rdf/repubblica_17,SEGRETARIO
http://dati.camera.it/ocd/deputato.rdf/d306071_17,GRILLO,GIULIA,http://dati.camera.it/ocd/legislatura.rdf/repubblica_17,VICEPRESIDENTE
http://dati.camera.it/ocd/deputato.rdf/d306071_17,GRILLO,GIULIA,http://dati.camera.it/ocd/legislatura.rdf/repubblica_17,VICEPRES. VICARIO - PORTAVOCE
http://dati.camera.it/ocd/deputato.rdf/d306109_17,NESCI,DALILA,http://dati.camera.it/ocd/legislatura.rdf/repubblica_17,DELEGATO D'AULA
http://dati.camera.it/ocd/deputato.rdf/d306109_17,NESCI,DALILA,http://dati.camera.it/ocd/legislatura.rdf/repubblica_17,VICEPRESIDENTE
http://dati.camera.it/ocd/deputato.rdf/d306146_17,BINI,CATERINA,http://dati.camera.it/ocd/legislatura.rdf/repubblica_17,SEGRETARIO
http://dati.camera.it/ocd/deputato.rdf/d306146_17,BINI,CATERINA,http://dati.camera.it/ocd/legislatura.rdf/repubblica_17,DELEGATO D'AULA
http://dati.camera.it/ocd/deputato.rdf/d30620_11,SERAFINI,ANNA MARIA,http://dati.camera.it/ocd/legislatura.rdf/repubblica_11,MEMBRO DEL C.D.
http://dati.camera.it/ocd/deputato.rdf/d30620_13,SERAFINI,ANNA MARIA,http://dati.camera.it/ocd/legislatura.rdf/repubblica_13,SEGRETARIO
http://dati.camera.it/ocd/deputato.rdf/d306210_17,LOCATELLI,PIA ELDA,http://dati.camera.it/ocd/legislatura.rdf/repubblica_17,VICEPRESIDENTE
http://dati.camera.it/ocd/deputato.rdf/d306210_17,LOCATELLI,PIA ELDA,http://dati.camera.it/ocd/legislatura.rdf/repubblica_17,RAPPRESENTANTE COMPONENTE GRUPPO MISTO
http://dati.camera.it/ocd/deputato.rdf/d306222_17,CARINELLI,PAOLA,http://dati.camera.it/ocd/legislatura.rdf/repubblica_17,VICEPRES. VICARIO - PORTAVOCE
http://dati.camera.it/ocd/deputato.rdf/d306222_17,CARINELLI,PAOLA,http://dati.camera.it/ocd/legislatura.rdf/repubblica_17,VICEPRESIDENTE
http://dati.camera.it/ocd/deputato.rdf/d306247_17,BUENO,RENATA,http://dati.camera.it/ocd/legislatura.rdf/repubblica_17,RAPPRESENTANTE COMPONENTE GRUPPO MISTO
http://dati.camera.it/ocd/deputato.rdf/d306247_17,BUENO,RENATA,http://dati.camera.it/ocd/legislatura.rdf/repubblica_17,VICEPRESIDENTE
http://dati.camera.it/ocd/deputato.rdf/d306278_17,PELLEGRINO,SERENA,http://dati.camera.it/ocd/legislatura.rdf/repubblica_17,DELEGATO D'AULA
http://dati.camera.it/ocd/deputato.rdf/d306278_17,PELLEGRINO,SERENA,http://dati.camera.it/ocd/legislatura.rdf/repubblica_17,VICEPRESIDENTE
http://dati.camera.it/ocd/deputato.rdf/d306284_17,RICCIATTI,LARA,http://dati.camera.it/ocd/legislatura.rdf/repubblica_17,VICEPRESIDENTE
http://dati.camera.it/ocd/deputato.rdf/d306284_17,RICCIATTI,LARA,http://dati.camera.it/ocd/legislatura.rdf/repubblica_17,SEGRETARIO D'AULA
http://dati.camera.it/ocd/deputato.rdf/d306288_17,PIAZZONI,ILEANA CATHIA,http://dati.camera.it/ocd/legislatura.rdf/repubblica_17,SEGRETARIO
http://dati.camera.it/ocd/deputato.rdf/d30760_12,TURCO,LIVIA,http://dati.camera.it/ocd/legislatura.rdf/repubblica_12,MEMBRO DEL C.D.
http://dati.camera.it/ocd/deputato.rdf/d30760_14,TURCO,LIVIA,http://dati.camera.it/ocd/legislatura.rdf/repubblica_14,MEMBRO DEL C.D.
http://dati.camera.it/ocd/deputato.rdf/d30760_16,TURCO,LIVIA,http://dati.camera.it/ocd/legislatura.rdf/repubblica_16,MEMBRO DEL C.D.
http://dati.camera.it/ocd/deputato.rdf/d30900_10,CECCHETTO,ALESSANDRA,http://dati.camera.it/ocd/legislatura.rdf/repubblica_10,VICEPRESIDENTE
http://dati.camera.it/ocd/deputato.rdf/d3140_0,IOTTI,LEONILDE,http://dati.camera.it/ocd/legislatura.rdf/costituente,SEGRETARIO
http://dati.camera.it/ocd/deputato.rdf/d3140_1,IOTTI,LEONILDE,http://dati.camera.it/ocd/legislatura.rdf/repubblica_01,SEGRETARIO
http://dati.camera.it/ocd/deputato.rdf/d3140_5,IOTTI,LEONILDE,http://dati.camera.it/ocd/legislatura.rdf/repubblica_05,VICEPRESIDENTE
http://dati.camera.it/ocd/deputato.rdf/d32400_14,BOLOGNESI,MARIDA,http://dati.camera.it/ocd/legislatura.rdf/repubblica_14,MEMBRO DEL C.D.
http://dati.camera.it/ocd/deputato.rdf/d32570_13,CAMOIRANO,MAURA,http://dati.camera.it/ocd/legislatura.rdf/repubblica_13,MEMBRO DEL C.D.
http://dati.camera.it/ocd/deputato.rdf/d33550_11,MANCINA,CLAUDIA,http://dati.camera.it/ocd/legislatura.rdf/repubblica_11,MEMBRO DEL C.D.
http://dati.camera.it/ocd/deputato.rdf/d33550_13,MANCINA,CLAUDIA,http://dati.camera.it/ocd/legislatura.rdf/repubblica_13,VICEPRESIDENTE
http://dati.camera.it/ocd/deputato.rdf/d33790_12,MOIOLI,MARIA,http://dati.camera.it/ocd/legislatura.rdf/repubblica_12,MEMBRO DEL C.D.
http://dati.camera.it/ocd/deputato.rdf/d33790_12,MOIOLI,MARIA,http://dati.camera.it/ocd/legislatura.rdf/repubblica_12,VICEPRESIDENTE
http://dati.camera.it/ocd/deputato.rdf/d33830_13,MUSSOLINI,ALESSANDRA,http://dati.camera.it/ocd/legislatura.rdf/repubblica_13,VICEPRESIDENTE
http://dati.camera.it/ocd/deputato.rdf/d34180_11,POLLASTRINI,BARBARA MARIA SIMONETTA,http://dati.camera.it/ocd/legislatura.rdf/repubblica_11,MEMBRO DEL C.D.
http://dati.camera.it/ocd/deputato.rdf/d34180_16,POLLASTRINI,BARBARA MARIA SIMONETTA,http://dati.camera.it/ocd/legislatura.rdf/repubblica_16,MEMBRO DEL C.D.
http://dati.camera.it/ocd/deputato.rdf/d34180_17,POLLASTRINI,BARBARA MARIA SIMONETTA,http://dati.camera.it/ocd/legislatura.rdf/repubblica_17,SEGRETARIO
http://dati.camera.it/ocd/deputato.rdf/d34290_11,RINALDI,ALFONSINA,http://dati.camera.it/ocd/legislatura.rdf/repubblica_11,MEMBRO DEL C.D.
http://dati.camera.it/ocd/deputato.rdf/d34370_11,ROZZA,LAURA,http://dati.camera.it/ocd/legislatura.rdf/repubblica_11,SEGRETARIO
http://dati.camera.it/ocd/deputato.rdf/d3440_7,LODI,ADRIANA,http://dati.camera.it/ocd/legislatura.rdf/repubblica_07,SEGRETARIO
http://dati.camera.it/ocd/deputato.rdf/d3440_8,LODI,ADRIANA,http://dati.camera.it/ocd/legislatura.rdf/repubblica_08,SEGRETARIO
http://dati.camera.it/ocd/deputato.rdf/d34460_11,SBARBATI,LUCIANA,http://dati.camera.it/ocd/legislatura.rdf/repubblica_11,VICEPRESIDENTE
http://dati.camera.it/ocd/deputato.rdf/d34460_11,SBARBATI,LUCIANA,http://dati.camera.it/ocd/legislatura.rdf/repubblica_11,PRESIDENTE
http://dati.camera.it/ocd/deputato.rdf/d34460_11,SBARBATI,LUCIANA,http://dati.camera.it/ocd/legislatura.rdf/repubblica_11,SEGRETARIO
http://dati.camera.it/ocd/deputato.rdf/d34460_12,SBARBATI,LUCIANA,http://dati.camera.it/ocd/legislatura.rdf/repubblica_12,VICEPRESIDENTE
http://dati.camera.it/ocd/deputato.rdf/d34460_13,SBARBATI,LUCIANA,http://dati.camera.it/ocd/legislatura.rdf/repubblica_13,VICEPRESIDENTE
http://dati.camera.it/ocd/deputato.rdf/d35030_16,AMICI,MARIA TERESA,http://dati.camera.it/ocd/legislatura.rdf/repubblica_16,SEGRETARIO
http://dati.camera.it/ocd/deputato.rdf/d35310_12,BENETTO RAVETTO,ALIDA,http://dati.camera.it/ocd/legislatura.rdf/repubblica_12,MEMBRO DEL C.D.
http://dati.camera.it/ocd/deputato.rdf/d35520_12,BONSANTI,ALESSANDRA,http://dati.camera.it/ocd/legislatura.rdf/repubblica_12,MEMBRO DEL C.D.
http://dati.camera.it/ocd/deputato.rdf/d35740_13,CARAZZI,MARIA,http://dati.camera.it/ocd/legislatura.rdf/repubblica_13,VICEPRESIDENTE
http://dati.camera.it/ocd/deputato.rdf/d35740_13,CARAZZI,MARIA,http://dati.camera.it/ocd/legislatura.rdf/repubblica_13,VICEPRES. VICARIO
http://dati.camera.it/ocd/deputato.rdf/d35860_12,CAVALLINI,LUISELLA,http://dati.camera.it/ocd/legislatura.rdf/repubblica_12,TESORIERE
http://dati.camera.it/ocd/deputato.rdf/d35860_12,CAVALLINI,LUISELLA,http://dati.camera.it/ocd/legislatura.rdf/repubblica_12,MEMBRO DEL C.D.
http://dati.camera.it/ocd/deputato.rdf/d35870_13,CAVANNA SCIREA,MARIELLA MARIA RITA,http://dati.camera.it/ocd/legislatura.rdf/repubblica_13,SEGRETARIO
http://dati.camera.it/ocd/deputato.rdf/d36090_13,CORDONI,ELENA EMMA,http://dati.camera.it/ocd/legislatura.rdf/repubblica_13,MEMBRO DEL C.D.
http://dati.camera.it/ocd/deputato.rdf/d36090_14,CORDONI,ELENA EMMA,http://dati.camera.it/ocd/legislatura.rdf/repubblica_14,MEMBRO DEL C.D.
http://dati.camera.it/ocd/deputato.rdf/d36100_12,CORNACCHIONE,MAGDA,http://dati.camera.it/ocd/legislatura.rdf/repubblica_12,MEMBRO DEL C.D.
http://dati.camera.it/ocd/deputato.rdf/d36630_12,FUSCAGNI,STEFANIA,http://dati.camera.it/ocd/legislatura.rdf/repubblica_12,MEMBRO DEL C.D.
http://dati.camera.it/ocd/deputato.rdf/d36920_14,GRIGNAFFINI,GIOVANNA,http://dati.camera.it/ocd/legislatura.rdf/repubblica_14,MEMBRO DEL C.D.
http://dati.camera.it/ocd/deputato.rdf/d37360_12,MANZINI,PAOLA,http://dati.camera.it/ocd/legislatura.rdf/repubblica_12,MEMBRO DEL C.D.
http://dati.camera.it/ocd/deputato.rdf/d37360_13,MANZINI,PAOLA,http://dati.camera.it/ocd/legislatura.rdf/repubblica_13,MEMBRO DEL C.D.
http://dati.camera.it/ocd/deputato.rdf/d37450_12,MARTINELLI,PAOLA,http://dati.camera.it/ocd/legislatura.rdf/repubblica_12,MEMBRO DEL C.D.
http://dati.camera.it/ocd/deputato.rdf/d37620_12,MELANDRI,GIOVANNA,http://dati.camera.it/ocd/legislatura.rdf/repubblica_12,MEMBRO DEL C.D.
http://dati.camera.it/ocd/deputato.rdf/d37620_14,MELANDRI,GIOVANNA,http://dati.camera.it/ocd/legislatura.rdf/repubblica_14,MEMBRO DEL C.D.
http://dati.camera.it/ocd/deputato.rdf/d37850_12,NAPOLI,ANGELA,http://dati.camera.it/ocd/legislatura.rdf/repubblica_12,MEMBRO DEL C.D.
http://dati.camera.it/ocd/deputato.rdf/d38110_12,PENNACCHI,LAURA MARIA,http://dati.camera.it/ocd/legislatura.rdf/repubblica_12,MEMBRO DEL C.D.
http://dati.camera.it/ocd/deputato.rdf/d38110_13,PENNACCHI,LAURA MARIA,http://dati.camera.it/ocd/legislatura.rdf/repubblica_13,VICEPRESIDENTE
http://dati.camera.it/ocd/deputato.rdf/d38110_14,PENNACCHI,LAURA MARIA,http://dati.camera.it/ocd/legislatura.rdf/repubblica_14,MEMBRO DEL C.D.
http://dati.camera.it/ocd/deputato.rdf/d38280_12,PIZZICARA,ROBERTA,http://dati.camera.it/ocd/legislatura.rdf/repubblica_12,VICEPRESIDENTE
http://dati.camera.it/ocd/deputato.rdf/d38340_13,POZZA TASCA,ELISA,http://dati.camera.it/ocd/legislatura.rdf/repubblica_13,MEMBRO DEL C.D.
http://dati.camera.it/ocd/deputato.rdf/d38350_13,PRESTIGIACOMO,STEFANIA,http://dati.camera.it/ocd/legislatura.rdf/repubblica_13,VICEPRESIDENTE
http://dati.camera.it/ocd/deputato.rdf/d38750_12,SCOCA,MARIA CONCETTA,http://dati.camera.it/ocd/legislatura.rdf/repubblica_12,MEMBRO DEL C.D.
http://dati.camera.it/ocd/deputato.rdf/d38790_12,SERVODIO,GIUSEPPINA,http://dati.camera.it/ocd/legislatura.rdf/repubblica_12,MEMBRO DEL C.D.
http://dati.camera.it/ocd/deputato.rdf/d38790_16,SERVODIO,GIUSEPPINA,http://dati.camera.it/ocd/legislatura.rdf/repubblica_16,MEMBRO DEL C.D.
http://dati.camera.it/ocd/deputato.rdf/d39230_12,VALENTI,FRANCA,http://dati.camera.it/ocd/legislatura.rdf/repubblica_12,MEMBRO DEL C.D.
http://dati.camera.it/ocd/deputato.rdf/d39470_13,SIGNORINO,ELSA GIUSEPPINA,http://dati.camera.it/ocd/legislatura.rdf/repubblica_13,MEMBRO DEL C.D.
http://dati.camera.it/ocd/deputato.rdf/d50028_13,ARMOSINO,MARIA TERESA GIOVANNA,http://dati.camera.it/ocd/legislatura.rdf/repubblica_13,MEMBRO DEL C.D.
http://dati.camera.it/ocd/deputato.rdf/d50028_15,ARMOSINO,MARIA TERESA GIOVANNA,http://dati.camera.it/ocd/legislatura.rdf/repubblica_15,VICEPRESIDENTE
http://dati.camera.it/ocd/deputato.rdf/d50028_16,ARMOSINO,MARIA TERESA GIOVANNA,http://dati.camera.it/ocd/legislatura.rdf/repubblica_16,MEMBRO DEL C.D.
http://dati.camera.it/ocd/deputato.rdf/d50092_14,LUCIDI,MARCELLA,http://dati.camera.it/ocd/legislatura.rdf/repubblica_14,MEMBRO DEL C.D.
http://dati.camera.it/ocd/deputato.rdf/d50118_14,BIANCHI CLERICI,GIOVANNA,http://dati.camera.it/ocd/legislatura.rdf/repubblica_14,MEMBRO DEL C.D.
http://dati.camera.it/ocd/deputato.rdf/d50156_14,LABATE,GRAZIA LUCIANA,http://dati.camera.it/ocd/legislatura.rdf/repubblica_14,MEMBRO DEL C.D.
http://dati.camera.it/ocd/deputato.rdf/d50301_13,ALBANESE,ARGIA VALERIA,http://dati.camera.it/ocd/legislatura.rdf/repubblica_13,VICEPRESIDENTE
http://dati.camera.it/ocd/deputato.rdf/d50331_13,CAPITELLI,PIERA,http://dati.camera.it/ocd/legislatura.rdf/repubblica_13,MEMBRO DEL C.D.
http://dati.camera.it/ocd/deputato.rdf/d50331_14,CAPITELLI,PIERA,http://dati.camera.it/ocd/legislatura.rdf/repubblica_14,MEMBRO DEL C.D.
http://dati.camera.it/ocd/deputato.rdf/d60755_11,THALER,HELGA,http://dati.camera.it/ocd/legislatura.rdf/repubblica_11,VICEPRESIDENTE
http://dati.camera.it/ocd/deputato.rdf/d7030_3,BONTADE,MARGHERITA,http://dati.camera.it/ocd/legislatura.rdf/repubblica_03,MEMBRO DEL C.D.
http://dati.camera.it/ocd/deputato.rdf/d7790_2,DE LAURO,ANNA,http://dati.camera.it/ocd/legislatura.rdf/repubblica_02,MEMBRO DEL C.D.
http://dati.camera.it/ocd/deputato.rdf/d7790_3,DE LAURO,ANNA,http://dati.camera.it/ocd/legislatura.rdf/repubblica_03,MEMBRO DEL C.D.
http://dati.camera.it/ocd/deputato.rdf/d7890_2,DIAZ,LAURA,http://dati.camera.it/ocd/legislatura.rdf/repubblica_02,SEGRETARIO
http://dati.camera.it/ocd/deputato.rdf/d7890_3,DIAZ,LAURA,http://dati.camera.it/ocd/legislatura.rdf/repubblica_03,MEMBRO DEL C.D.
http://dati.camera.it/ocd/deputato.rdf/d8380_0,GALLICO,NADIA,http://dati.camera.it/ocd/legislatura.rdf/costituente,SEGRETARIO
http://dati.camera.it/ocd/deputato.rdf/d8470_4,GESSI,NIVES,http://dati.camera.it/ocd/legislatura.rdf/repubblica_04,MEMBRO DEL C.D.
http://dati.camera.it/ocd/deputato.rdf/d8560_4,GIUGNI LATTARI,JOLE,http://dati.camera.it/ocd/legislatura.rdf/repubblica_04,MEMBRO DEL C.D.
http://dati.camera.it/ocd/deputato.rdf/d9280_5,MEZZA,MARIA VITTORIA,http://dati.camera.it/ocd/legislatura.rdf/repubblica_05,VICEPRESIDENTE
http://dati.camera.it/ocd/deputato.rdf/d307435_19,BALDINO,VITTORIA,http://dati.camera.it/ocd/legislatura.rdf/repubblica_19,VICEPRES. VICARIO
http://dati.camera.it/ocd/deputato.rdf/d308829_19,DALLA CHIESA,RITA,http://dati.camera.it/ocd/legislatura.rdf/repubblica_19,VICEPRESIDENTE
http://dati.camera.it/ocd/deputato.rdf/d305553_19,GADDA,MARIA CHIARA,http://dati.camera.it/ocd/legislatura.rdf/repubblica_19,DELEGATO D'AULA
http://dati.camera.it/ocd/deputato.rdf/d305553_19,GADDA,MARIA CHIARA,http://dati.camera.it/ocd/legislatura.rdf/repubblica_19,SEGRETARIO
http://dati.camera.it/ocd/deputato.rdf/d301558_19,GARDINI,ELISABETTA,http://dati.camera.it/ocd/legislatura.rdf/repubblica_19,VICEPRESIDENTE
http://dati.camera.it/ocd/deputato.rdf/d308834_19,FERRARI,SARA,http://dati.camera.it/ocd/legislatura.rdf/repubblica_19,SEGRETARIO
http://dati.camera.it/ocd/deputato.rdf/d308846_19,AURIEMMA,CARMELA,http://dati.camera.it/ocd/legislatura.rdf/repubblica_19,SEGRETARIO
http://dati.camera.it/ocd/deputato.rdf/d308846_19,AURIEMMA,CARMELA,http://dati.camera.it/ocd/legislatura.rdf/repubblica_19,DELEGATO D'AULA
http://dati.camera.it/ocd/deputato.rdf/d308001_18,BARZOTTI,VALENTINA,http://dati.camera.it/ocd/legislatura.rdf/repubblica_18,VICEPRESIDENTE
http://dati.camera.it/ocd/deputato.rdf/d307135_18,GAGLIARDI,MANUELA,http://dati.camera.it/ocd/legislatura.rdf/repubblica_18,VICEPRESIDENTE
http://dati.camera.it/ocd/deputato.rdf/d307302_18,ASCARI,STEFANIA,http://dati.camera.it/ocd/legislatura.rdf/repubblica_18,DELEGATO D'AULA
http://dati.camera.it/ocd/deputato.rdf/d307302_18,ASCARI,STEFANIA,http://dati.camera.it/ocd/legislatura.rdf/repubblica_18,SEGRETARIO
http://dati.camera.it/ocd/deputato.rdf/d307388_18,D'ORSO,VALENTINA,http://dati.camera.it/ocd/legislatura.rdf/repubblica_18,VICEPRESIDENTE
http://dati.camera.it/ocd/deputato.rdf/d307200_18,DI STASIO,IOLANDA,http://dati.camera.it/ocd/legislatura.rdf/repubblica_18,VICEPRESIDENTE
http://dati.camera.it/ocd/deputato.rdf/d307200_18,DI STASIO,IOLANDA,http://dati.camera.it/ocd/legislatura.rdf/repubblica_18,PRESIDENTE
http://dati.camera.it/ocd/deputato.rdf/d307277_18,VIETINA,SIMONA,http://dati.camera.it/ocd/legislatura.rdf/repubblica_18,SEGRETARIO
http://dati.camera.it/ocd/deputato.rdf/d307277_18,VIETINA,SIMONA,http://dati.camera.it/ocd/legislatura.rdf/repubblica_18,DELEGATO D'AULA
http://dati.camera.it/ocd/deputato.rdf/d307374_18,SERRACCHIANI,DEBORA,http://dati.camera.it/ocd/legislatura.rdf/repubblica_18,PRESIDENTE
http://dati.camera.it/ocd/deputato.rdf/d302968_18,POLIDORI,CATIA,http://dati.camera.it/ocd/legislatura.rdf/repubblica_18,VICEPRESIDENTE
http://dati.camera.it/ocd/deputato.rdf/d307232_18,GRIPPA,CARMELA,http://dati.camera.it/ocd/legislatura.rdf/repubblica_18,VICEPRES. VICARIO
http://dati.camera.it/ocd/deputato.rdf/d305780_18,MORANI,ALESSIA,http://dati.camera.it/ocd/legislatura.rdf/repubblica_18,SEGRETARIO
http://dati.camera.it/ocd/deputato.rdf/d302783_18,LORENZIN,BEATRICE,http://dati.camera.it/ocd/legislatura.rdf/repubblica_18,VICEPRESIDENTE
http://dati.camera.it/ocd/deputato.rdf/d302783_18,LORENZIN,BEATRICE,http://dati.camera.it/ocd/legislatura.rdf/repubblica_18,DELEGATO D'AULA
http://dati.camera.it/ocd/deputato.rdf/d302783_18,LORENZIN,BEATRICE,http://dati.camera.it/ocd/legislatura.rdf/repubblica_18,RAPPRESENTANTE COMPONENTE GRUPPO MISTO
http://dati.camera.it/ocd/deputato.rdf/d302783_18,LORENZIN,BEATRICE,http://dati.camera.it/ocd/legislatura.rdf/repubblica_18,SEGRETARIO
http://dati.camera.it/ocd/deputato.rdf/d307346_18,FARO,MARIALUISA,http://dati.camera.it/ocd/legislatura.rdf/repubblica_18,VICEPRESIDENTE
http://dati.camera.it/ocd/deputato.rdf/d305859_18,ROSTAN,MICHELA,http://dati.camera.it/ocd/legislatura.rdf/repubblica_18,SEGRETARIO
http://dati.camera.it/ocd/deputato.rdf/d305859_18,ROSTAN,MICHELA,http://dati.camera.it/ocd/legislatura.rdf/repubblica_18,VICEPRESIDENTE
http://dati.camera.it/ocd/deputato.rdf/d306050_18,CANCELLERI,AZZURRA PIA MARIA,http://dati.camera.it/ocd/legislatura.rdf/repubblica_18,SEGRETARIO
http://dati.camera.it/ocd/deputato.rdf/d306050_18,CANCELLERI,AZZURRA PIA MARIA,http://dati.camera.it/ocd/legislatura.rdf/repubblica_18,VICEPRESIDENTE
http://dati.camera.it/ocd/deputato.rdf/d305970_18,SPADONI,MARIA EDERA,http://dati.camera.it/ocd/legislatura.rdf/repubblica_18,VICEPRESIDENTE
http://dati.camera.it/ocd/deputato.rdf/d307296_18,MURONI,ROSSELLA,http://dati.camera.it/ocd/legislatura.rdf/repubblica_18,VICEPRESIDENTE
http://dati.camera.it/ocd/deputato.rdf/d307296_18,MURONI,ROSSELLA,http://dati.camera.it/ocd/legislatura.rdf/repubblica_18,DELEGATO D'AULA
http://dati.camera.it/ocd/deputato.rdf/d307296_18,MURONI,ROSSELLA,http://dati.camera.it/ocd/legislatura.rdf/repubblica_18,RAPPRESENTANTE COMPONENTE GRUPPO MISTO
http://dati.camera.it/ocd/deputato.rdf/d307439_18,SALAFIA,ANGELA,http://dati.camera.it/ocd/legislatura.rdf/repubblica_18,VICEPRESIDENTE
http://dati.camera.it/ocd/deputato.rdf/d307281_18,OCCHIONERO,GIUSEPPINA,http://dati.camera.it/ocd/legislatura.rdf/repubblica_18,MEMBRO DEL C.D.
http://dati.camera.it/ocd/deputato.rdf/d307318_18,CARBONARO,ALESSANDRA,http://dati.camera.it/ocd/legislatura.rdf/repubblica_18,VICEPRES. VICARIO
http://dati.camera.it/ocd/deputato.rdf/d305650_18,ROTTA,ALESSIA,http://dati.camera.it/ocd/legislatura.rdf/repubblica_18,DELEGATO D'AULA
http://dati.camera.it/ocd/deputato.rdf/d305650_18,ROTTA,ALESSIA,http://dati.camera.it/ocd/legislatura.rdf/repubblica_18,VICEPRES. VICARIO
http://dati.camera.it/ocd/deputato.rdf/d307316_18,TARTAGLIONE,ANNAELSA,http://dati.camera.it/ocd/legislatura.rdf/repubblica_18,VICEPRESIDENTE
http://dati.camera.it/ocd/deputato.rdf/d305997_18,PICCOLI,FLAVIA,http://dati.camera.it/ocd/legislatura.rdf/repubblica_18,SEGRETARIO
http://dati.camera.it/ocd/deputato.rdf/d307364_18,ALEMANNO,MARIA SOAVE,http://dati.camera.it/ocd/legislatura.rdf/repubblica_18,SEGRETARIO
http://dati.camera.it/ocd/deputato.rdf/d307364_18,ALEMANNO,MARIA SOAVE,http://dati.camera.it/ocd/legislatura.rdf/repubblica_18,DELEGATO D'AULA
http://dati.camera.it/ocd/deputato.rdf/d306466_18,PEZZOPANE,STEFANIA,http://dati.camera.it/ocd/legislatura.rdf/repubblica_18,SEGRETARIO
http://dati.camera.it/ocd/deputato.rdf/d307290_18,GALIZIA,FRANCESCA,http://dati.camera.it/ocd/legislatura.rdf/repubblica_18,TESORIERE
http://dati.camera.it/ocd/deputato.rdf/d307210_18,DI LAURO,CARMELA,http://dati.camera.it/ocd/legislatura.rdf/repubblica_18,SEGRETARIO
http://dati.camera.it/ocd/deputato.rdf/d307210_18,DI LAURO,CARMELA,http://dati.camera.it/ocd/legislatura.rdf/repubblica_18,DELEGATO D'AULA
http://dati.camera.it/ocd/deputato.rdf/d305580_18,GEBHARD,RENATE,http://dati.camera.it/ocd/legislatura.rdf/repubblica_18,RAPPRESENTANTE COMPONENTE GRUPPO MISTO
http://dati.camera.it/ocd/deputato.rdf/d305580_18,GEBHARD,RENATE,http://dati.camera.it/ocd/legislatura.rdf/repubblica_18,VICEPRESIDENTE
http://dati.camera.it/ocd/deputato.rdf/d305569_18,FREGOLENT,SILVIA,http://dati.camera.it/ocd/legislatura.rdf/repubblica_18,DELEGATO D'AULA
http://dati.camera.it/ocd/deputato.rdf/d305569_18,FREGOLENT,SILVIA,http://dati.camera.it/ocd/legislatura.rdf/repubblica_18,SEGRETARIO D'AULA
http://dati.camera.it/ocd/deputato.rdf/d34180_18,POLLASTRINI,BARBARA MARIA SIMONETTA,http://dati.camera.it/ocd/legislatura.rdf/repubblica_18,SEGRETARIO
http://dati.camera.it/ocd/deputato.rdf/d305525_18,CASTELLI,LAURA,http://dati.camera.it/ocd/legislatura.rdf/repubblica_18,VICEPRES. VICARIO
http://dati.camera.it/ocd/deputato.rdf/d306160_18,BOSCHI,MARIA ELENA,http://dati.camera.it/ocd/legislatura.rdf/repubblica_18,PRESIDENTE
http://dati.camera.it/ocd/deputato.rdf/d306120_18,DIENI,FEDERICA,http://dati.camera.it/ocd/legislatura.rdf/repubblica_18,VICEPRESIDENTE
http://dati.camera.it/ocd/deputato.rdf/d301449_18,GELMINI,MARIASTELLA,http://dati.camera.it/ocd/legislatura.rdf/repubblica_18,PRESIDENTE
http://dati.camera.it/ocd/deputato.rdf/d306008_18,GRIBAUDO,CHIARA,http://dati.camera.it/ocd/legislatura.rdf/repubblica_18,VICEPRESIDENTE
http://dati.camera.it/ocd/deputato.rdf/d307601_18,BORDONALI,SIMONA,http://dati.camera.it/ocd/legislatura.rdf/repubblica_18,DELEGATO D'AULA
http://dati.camera.it/ocd/deputato.rdf/d307715_18,ZANOTELLI,GIULIA,http://dati.camera.it/ocd/legislatura.rdf/repubblica_18,DELEGATO D'AULA
http://dati.camera.it/ocd/deputato.rdf/d300296_18,MILANATO,LORENA,http://dati.camera.it/ocd/legislatura.rdf/repubblica_18,TESORIERE
http://dati.camera.it/ocd/deputato.rdf/d307474_18,PORCHIETTO,CLAUDIA,http://dati.camera.it/ocd/legislatura.rdf/repubblica_18,VICEPRESIDENTE
http://dati.camera.it/ocd/deputato.rdf/d307567_18,FERRO,WANDA,http://dati.camera.it/ocd/legislatura.rdf/repubblica_18,VICEPRESIDENTE
http://dati.camera.it/ocd/deputato.rdf/d305555_18,BERLINGHIERI,MARINA,http://dati.camera.it/ocd/legislatura.rdf/repubblica_18,VICEPRESIDENTE
http://dati.camera.it/ocd/deputato.rdf/d307551_18,DEL SESTO,MARGHERITA,http://dati.camera.it/ocd/legislatura.rdf/repubblica_18,DELEGATO D'AULA
http://dati.camera.it/ocd/deputato.rdf/d307459_18,FONTANA,ILARIA,http://dati.camera.it/ocd/legislatura.rdf/repubblica_18,VICEPRESIDENTE
http://dati.camera.it/ocd/deputato.rdf/d305539_18,CARNEVALI,ELENA,http://dati.camera.it/ocd/legislatura.rdf/repubblica_18,SEGRETARIO
http://dati.camera.it/ocd/deputato.rdf/d300469_19,ZANELLA,LUANA,http://dati.camera.it/ocd/legislatura.rdf/repubblica_19,RAPPRESENTANTE COMPONENTE GRUPPO MISTO
http://dati.camera.it/ocd/deputato.rdf/d300469_19,ZANELLA,LUANA,http://dati.camera.it/ocd/legislatura.rdf/repubblica_19,PRESIDENTE
http://dati.camera.it/ocd/deputato.rdf/d300469_19,ZANELLA,LUANA,http://dati.camera.it/ocd/legislatura.rdf/repubblica_19,VICEPRESIDENTE
http://dati.camera.it/ocd/deputato.rdf/d308797_19,SEMENZATO,MARTINA,http://dati.camera.it/ocd/legislatura.rdf/repubblica_19,TESORIERE
http://dati.camera.it/ocd/deputato.rdf/d302754_19,BRAGA,CHIARA,http://dati.camera.it/ocd/legislatura.rdf/repubblica_19,PRESIDENTE
http://dati.camera.it/ocd/deputato.rdf/d307601_19,BORDONALI,SIMONA,http://dati.camera.it/ocd/legislatura.rdf/repubblica_19,DELEGATO D'AULA
http://dati.camera.it/ocd/deputato.rdf/d307285_19,CAVANDOLI,LAURA,http://dati.camera.it/ocd/legislatura.rdf/repubblica_19,TESORIERE
http://dati.camera.it/ocd/deputato.rdf/d305580_19,GEBHARD,RENATE,http://dati.camera.it/ocd/legislatura.rdf/repubblica_19,RAPPRESENTANTE COMPONENTE GRUPPO MISTO
http://dati.camera.it/ocd/deputato.rdf/d305580_19,GEBHARD,RENATE,http://dati.camera.it/ocd/legislatura.rdf/repubblica_19,VICEPRESIDENTE
http://dati.camera.it/ocd/deputato.rdf/d308883_19,LA PORTA,CHIARA,http://dati.camera.it/ocd/legislatura.rdf/repubblica_19,DELEGATO D'AULA
http://dati.camera.it/ocd/deputato.rdf/d307464_19,MONTARULI,AUGUSTA,http://dati.camera.it/ocd/legislatura.rdf/repubblica_19,VICEPRESIDENTE
http://dati.camera.it/ocd/deputato.rdf/d305549_19,BONAFE',SIMONA,http://dati.camera.it/ocd/legislatura.rdf/repubblica_19,VICEPRES. VICARIO
http://dati.camera.it/ocd/deputato.rdf/d305549_19,BONAFE',SIMONA,http://dati.camera.it/ocd/legislatura.rdf/repubblica_19,DELEGATO D'AULA
http://dati.camera.it/ocd/deputato.rdf/d305549_19,BONAFE',SIMONA,http://dati.camera.it/ocd/legislatura.rdf/repubblica_19,VICEPRESIDENTE
http://dati.camera.it/ocd/deputato.rdf/d302867_19,BERGAMINI,DEBORAH,http://dati.camera.it/ocd/legislatura.rdf/repubblica_19,VICEPRESIDENTE
http://dati.camera.it/ocd/deputato.rdf/d308871_19,GHIO,VALENTINA,http://dati.camera.it/ocd/legislatura.rdf/repubblica_19,VICEPRESIDENTE
http://dati.camera.it/ocd/deputato.rdf/d308871_19,GHIO,VALENTINA,http://dati.camera.it/ocd/legislatura.rdf/repubblica_19,SEGRETARIO
http://dati.camera.it/ocd/deputato.rdf/d308891_19,ROGGIANI,SILVIA,http://dati.camera.it/ocd/legislatura.rdf/repubblica_19,SEGRETARIO
http://dati.camera.it/ocd/deputato.rdf/d307374_19,SERRACCHIANI,DEBORA,http://dati.camera.it/ocd/legislatura.rdf/repubblica_19,PRESIDENTE
http://dati.camera.it/ocd/deputato.rdf/d306383_18,DI GIORGI,ROSA MARIA,http://dati.camera.it/ocd/legislatura.rdf/repubblica_18,SEGRETARIO
