UNODC;unodc_ddds@un.org;;;;;;;;;;
06/06/2022;;;;;;;;;;;
Iso3_code;Country;Region;Subregion;Indicator;Dimension;Category;Sex;Year;Unit of measurement;VALUE;Source
ALB;Albania;Europe;Southern Europe;Victims of sexual violence;by relationship to perpetrator;Intimate partner or family member;Male;2018;Counts;1;CTS
ALB;Albania;Europe;Southern Europe;Victims of sexual violence;by relationship to perpetrator;Other Perpetrator known to the victim;Male;2018;Counts;11;CTS
ALB;Albania;Europe;Southern Europe;Victims of sexual violence;by relationship to perpetrator;Perpetrator unknown to the victim;Male;2018;Counts;2;CTS
ALB;Albania;Europe;Southern Europe;Victims of sexual violence;by relationship to perpetrator;Relationship to perpetrator is not known;Male;2018;Counts;90;CTS
ATG;Antigua and Barbuda;Americas;Latin America and the Caribbean;Victims of sexual violence;by relationship to perpetrator;Intimate partner or family member;Male;2015;Counts;2;CTS
ATG;Antigua and Barbuda;Americas;Latin America and the Caribbean;Victims of sexual violence;by relationship to perpetrator;Other Perpetrator known to the victim;Male;2015;Counts;15;CTS
ATG;Antigua and Barbuda;Americas;Latin America and the Caribbean;Victims of sexual violence;by relationship to perpetrator;Relationship to perpetrator is not known;Male;2015;Counts;28;CTS
ATG;Antigua and Barbuda;Americas;Latin America and the Caribbean;Victims of sexual violence;by relationship to perpetrator;Intimate partner or family member;Male;2016;Counts;4;CTS
ATG;Antigua and Barbuda;Americas;Latin America and the Caribbean;Victims of sexual violence;by relationship to perpetrator;Other Perpetrator known to the victim;Male;2016;Counts;12;CTS
ATG;Antigua and Barbuda;Americas;Latin America and the Caribbean;Victims of sexual violence;by relationship to perpetrator;Relationship to perpetrator is not known;Male;2016;Counts;40;CTS
ATG;Antigua and Barbuda;Americas;Latin America and the Caribbean;Victims of sexual violence;by relationship to perpetrator;Intimate partner or family member;Male;2017;Counts;4;CTS
ATG;Antigua and Barbuda;Americas;Latin America and the Caribbean;Victims of sexual violence;by relationship to perpetrator;Other Perpetrator known to the victim;Male;2017;Counts;10;CTS
ATG;Antigua and Barbuda;Americas;Latin America and the Caribbean;Victims of sexual violence;by relationship to perpetrator;Relationship to perpetrator is not known;Male;2017;Counts;31;CTS
ATG;Antigua and Barbuda;Americas;Latin America and the Caribbean;Victims of sexual violence;by relationship to perpetrator;Intimate partner or family member;Male;2018;Counts;2;CTS
ATG;Antigua and Barbuda;Americas;Latin America and the Caribbean;Victims of sexual violence;by relationship to perpetrator;Other Perpetrator known to the victim;Male;2018;Counts;9;CTS
ATG;Antigua and Barbuda;Americas;Latin America and the Caribbean;Victims of sexual violence;by relationship to perpetrator;Relationship to perpetrator is not known;Male;2018;Counts;25;CTS
ATG;Antigua and Barbuda;Americas;Latin America and the Caribbean;Victims of sexual violence;by relationship to perpetrator;Other Perpetrator known to the victim;Male;2019;Counts;20;CTS
ATG;Antigua and Barbuda;Americas;Latin America and the Caribbean;Victims of sexual violence;by relationship to perpetrator;Relationship to perpetrator is not known;Male;2019;Counts;24;CTS
ATG;Antigua and Barbuda;Americas;Latin America and the Caribbean;Victims of sexual violence;by relationship to perpetrator;Other Perpetrator known to the victim;Male;2020;Counts;10;CTS
ATG;Antigua and Barbuda;Americas;Latin America and the Caribbean;Victims of sexual violence;by relationship to perpetrator;Relationship to perpetrator is not known;Male;2020;Counts;23;CTS
AUS;Australia;Oceania;Australia and New Zealand;Victims of sexual violence;by relationship to perpetrator;Intimate partner or family member;Male;2014;Counts;1138;CTS
AUS;Australia;Oceania;Australia and New Zealand;Victims of sexual violence;by relationship to perpetrator;Intimate partner or family member;Male;2015;Counts;1190;CTS
AUS;Australia;Oceania;Australia and New Zealand;Victims of sexual violence;by relationship to perpetrator;Intimate partner or family member;Male;2016;Counts;1248;CTS
AUS;Australia;Oceania;Australia and New Zealand;Victims of sexual violence;by relationship to perpetrator;Intimate partner or family member;Male;2017;Counts;1212;CTS
AUS;Australia;Oceania;Australia and New Zealand;Victims of sexual violence;by relationship to perpetrator;Intimate partner or family member;Male;2018;Counts;1156;CTS
AUS;Australia;Oceania;Australia and New Zealand;Victims of sexual violence;by relationship to perpetrator;Intimate partner or family member;Male;2019;Counts;1253;CTS
AUS;Australia;Oceania;Australia and New Zealand;Victims of sexual violence;by relationship to perpetrator;Intimate partner or family member;Male;2020;Counts;1413;CTS
AUT;Austria;Europe;Western Europe;Victims of sexual violence;by relationship to perpetrator;Intimate partner or family member;Male;2013;Counts;75;CTS
AUT;Austria;Europe;Western Europe;Victims of sexual violence;by relationship to perpetrator;Other Perpetrator known to the victim;Male;2013;Counts;162;CTS
AUT;Austria;Europe;Western Europe;Victims of sexual violence;by relationship to perpetrator;Perpetrator unknown to the victim;Male;2013;Counts;14;CTS
AUT;Austria;Europe;Western Europe;Victims of sexual violence;by relationship to perpetrator;Relationship to perpetrator is not known;Male;2013;Counts;1;CTS
AUT;Austria;Europe;Western Europe;Victims of sexual violence;by relationship to perpetrator;Intimate partner or family member;Male;2014;Counts;72;CTS
AUT;Austria;Europe;Western Europe;Victims of sexual violence;by relationship to perpetrator;Other Perpetrator known to the victim;Male;2014;Counts;154;CTS
AUT;Austria;Europe;Western Europe;Victims of sexual violence;by relationship to perpetrator;Perpetrator unknown to the victim;Male;2014;Counts;12;CTS
AUT;Austria;Europe;Western Europe;Victims of sexual violence;by relationship to perpetrator;Relationship to perpetrator is not known;Male;2014;Counts;5;CTS
AUT;Austria;Europe;Western Europe;Victims of sexual violence;by relationship to perpetrator;Intimate partner or family member;Male;2015;Counts;73;CTS
AUT;Austria;Europe;Western Europe;Victims of sexual violence;by relationship to perpetrator;Other Perpetrator known to the victim;Male;2015;Counts;141;CTS
AUT;Austria;Europe;Western Europe;Victims of sexual violence;by relationship to perpetrator;Perpetrator unknown to the victim;Male;2015;Counts;15;CTS
AUT;Austria;Europe;Western Europe;Victims of sexual violence;by relationship to perpetrator;Relationship to perpetrator is not known;Male;2015;Counts;3;CTS
AUT;Austria;Europe;Western Europe;Victims of sexual violence;by relationship to perpetrator;Intimate partner or family member;Male;2016;Counts;75;CTS
AUT;Austria;Europe;Western Europe;Victims of sexual violence;by relationship to perpetrator;Other Perpetrator known to the victim;Male;2016;Counts;232;CTS
AUT;Austria;Europe;Western Europe;Victims of sexual violence;by relationship to perpetrator;Perpetrator unknown to the victim;Male;2016;Counts;108;CTS
AUT;Austria;Europe;Western Europe;Victims of sexual violence;by relationship to perpetrator;Relationship to perpetrator is not known;Male;2016;Counts;19;CTS
AUT;Austria;Europe;Western Europe;Victims of sexual violence;by relationship to perpetrator;Intimate partner or family member;Male;2017;Counts;81;CTS
AUT;Austria;Europe;Western Europe;Victims of sexual violence;by relationship to perpetrator;Other Perpetrator known to the victim;Male;2017;Counts;196;CTS
AUT;Austria;Europe;Western Europe;Victims of sexual violence;by relationship to perpetrator;Perpetrator unknown to the victim;Male;2017;Counts;117;CTS
AUT;Austria;Europe;Western Europe;Victims of sexual violence;by relationship to perpetrator;Relationship to perpetrator is not known;Male;2017;Counts;6;CTS
AUT;Austria;Europe;Western Europe;Victims of sexual violence;by relationship to perpetrator;Intimate partner or family member;Male;2018;Counts;104;CTS
AUT;Austria;Europe;Western Europe;Victims of sexual violence;by relationship to perpetrator;Other Perpetrator known to the victim;Male;2018;Counts;214;CTS
AUT;Austria;Europe;Western Europe;Victims of sexual violence;by relationship to perpetrator;Perpetrator unknown to the victim;Male;2018;Counts;217;CTS
AUT;Austria;Europe;Western Europe;Victims of sexual violence;by relationship to perpetrator;Relationship to perpetrator is not known;Male;2018;Counts;11;CTS
AUT;Austria;Europe;Western Europe;Victims of sexual violence;by relationship to perpetrator;Intimate partner or family member;Male;2019;Counts;149;CTS
AUT;Austria;Europe;Western Europe;Victims of sexual violence;by relationship to perpetrator;Other Perpetrator known to the victim;Male;2019;Counts;474;CTS
AUT;Austria;Europe;Western Europe;Victims of sexual violence;by relationship to perpetrator;Perpetrator unknown to the victim;Male;2019;Counts;177;CTS
AUT;Austria;Europe;Western Europe;Victims of sexual violence;by relationship to perpetrator;Relationship to perpetrator is not known;Male;2019;Counts;13;CTS
AUT;Austria;Europe;Western Europe;Victims of sexual violence;by relationship to perpetrator;Intimate partner or family member;Male;2020;Counts;121;CTS
AUT;Austria;Europe;Western Europe;Victims of sexual violence;by relationship to perpetrator;Other Perpetrator known to the victim;Male;2020;Counts;326;CTS
AUT;Austria;Europe;Western Europe;Victims of sexual violence;by relationship to perpetrator;Perpetrator unknown to the victim;Male;2020;Counts;141;CTS
AUT;Austria;Europe;Western Europe;Victims of sexual violence;by relationship to perpetrator;Relationship to perpetrator is not known;Male;2020;Counts;9;CTS
AZE;Azerbaijan;Asia;Western Asia;Victims of sexual violence;by relationship to perpetrator;Relationship to perpetrator is not known;Male;2016;Counts;33;CTS
AZE;Azerbaijan;Asia;Western Asia;Victims of sexual violence;by relationship to perpetrator;Relationship to perpetrator is not known;Male;2017;Counts;36;CTS
AZE;Azerbaijan;Asia;Western Asia;Victims of sexual violence;by relationship to perpetrator;Relationship to perpetrator is not known;Male;2018;Counts;28;CTS
AZE;Azerbaijan;Asia;Western Asia;Victims of sexual violence;by relationship to perpetrator;Relationship to perpetrator is not known;Male;2019;Counts;43;CTS
AZE;Azerbaijan;Asia;Western Asia;Victims of sexual violence;by relationship to perpetrator;Relationship to perpetrator is not known;Male;2020;Counts;24;CTS
BHS;Bahamas;Americas;Latin America and the Caribbean;Victims of sexual violence;by relationship to perpetrator;Intimate partner or family member;Male;2017;Counts;3;CTS
BHS;Bahamas;Americas;Latin America and the Caribbean;Victims of sexual violence;by relationship to perpetrator;Other Perpetrator known to the victim;Male;2017;Counts;6;CTS
BHS;Bahamas;Americas;Latin America and the Caribbean;Victims of sexual violence;by relationship to perpetrator;Perpetrator unknown to the victim;Male;2017;Counts;5;CTS
BHS;Bahamas;Americas;Latin America and the Caribbean;Victims of sexual violence;by relationship to perpetrator;Relationship to perpetrator is not known;Male;2017;Counts;1;CTS
BHS;Bahamas;Americas;Latin America and the Caribbean;Victims of sexual violence;by relationship to perpetrator;Intimate partner or family member;Male;2018;Counts;5;CTS
BHS;Bahamas;Americas;Latin America and the Caribbean;Victims of sexual violence;by relationship to perpetrator;Other Perpetrator known to the victim;Male;2018;Counts;8;CTS
BHS;Bahamas;Americas;Latin America and the Caribbean;Victims of sexual violence;by relationship to perpetrator;Perpetrator unknown to the victim;Male;2018;Counts;6;CTS
BHS;Bahamas;Americas;Latin America and the Caribbean;Victims of sexual violence;by relationship to perpetrator;Relationship to perpetrator is not known;Male;2018;Counts;4;CTS
BOL;Bolivia (Plurinational State of);Americas;Latin America and the Caribbean;Victims of sexual violence;by relationship to perpetrator;Intimate partner or family member;Male;2015;Counts;22;CTS
BOL;Bolivia (Plurinational State of);Americas;Latin America and the Caribbean;Victims of sexual violence;by relationship to perpetrator;Other Perpetrator known to the victim;Male;2015;Counts;2;CTS
BOL;Bolivia (Plurinational State of);Americas;Latin America and the Caribbean;Victims of sexual violence;by relationship to perpetrator;Relationship to perpetrator is not known;Male;2015;Counts;22;CTS
BOL;Bolivia (Plurinational State of);Americas;Latin America and the Caribbean;Victims of sexual violence;by relationship to perpetrator;Intimate partner or family member;Male;2016;Counts;18;CTS
BOL;Bolivia (Plurinational State of);Americas;Latin America and the Caribbean;Victims of sexual violence;by relationship to perpetrator;Other Perpetrator known to the victim;Male;2016;Counts;3;CTS
BOL;Bolivia (Plurinational State of);Americas;Latin America and the Caribbean;Victims of sexual violence;by relationship to perpetrator;Relationship to perpetrator is not known;Male;2016;Counts;29;CTS
BOL;Bolivia (Plurinational State of);Americas;Latin America and the Caribbean;Victims of sexual violence;by relationship to perpetrator;Intimate partner or family member;Male;2017;Counts;16;CTS
BOL;Bolivia (Plurinational State of);Americas;Latin America and the Caribbean;Victims of sexual violence;by relationship to perpetrator;Other Perpetrator known to the victim;Male;2017;Counts;5;CTS
BOL;Bolivia (Plurinational State of);Americas;Latin America and the Caribbean;Victims of sexual violence;by relationship to perpetrator;Perpetrator unknown to the victim;Male;2017;Counts;17;CTS
BOL;Bolivia (Plurinational State of);Americas;Latin America and the Caribbean;Victims of sexual violence;by relationship to perpetrator;Relationship to perpetrator is not known;Male;2017;Counts;11;CTS
BOL;Bolivia (Plurinational State of);Americas;Latin America and the Caribbean;Victims of sexual violence;by relationship to perpetrator;Intimate partner or family member;Male;2018;Counts;19;CTS
BOL;Bolivia (Plurinational State of);Americas;Latin America and the Caribbean;Victims of sexual violence;by relationship to perpetrator;Other Perpetrator known to the victim;Male;2018;Counts;2;CTS
BOL;Bolivia (Plurinational State of);Americas;Latin America and the Caribbean;Victims of sexual violence;by relationship to perpetrator;Perpetrator unknown to the victim;Male;2018;Counts;8;CTS
BOL;Bolivia (Plurinational State of);Americas;Latin America and the Caribbean;Victims of sexual violence;by relationship to perpetrator;Relationship to perpetrator is not known;Male;2018;Counts;20;CTS
CAN;Canada;Americas;Northern America;Victims of sexual violence;by relationship to perpetrator;Intimate partner or family member;Male;2013;Counts;278;CTS
CAN;Canada;Americas;Northern America;Victims of sexual violence;by relationship to perpetrator;Other Perpetrator known to the victim;Male;2013;Counts;897;CTS
CAN;Canada;Americas;Northern America;Victims of sexual violence;by relationship to perpetrator;Perpetrator unknown to the victim;Male;2013;Counts;245;CTS
CAN;Canada;Americas;Northern America;Victims of sexual violence;by relationship to perpetrator;Relationship to perpetrator is not known;Male;2013;Counts;0;CTS
CAN;Canada;Americas;Northern America;Victims of sexual violence;by relationship to perpetrator;Intimate partner or family member;Male;2014;Counts;294;CTS
CAN;Canada;Americas;Northern America;Victims of sexual violence;by relationship to perpetrator;Other Perpetrator known to the victim;Male;2014;Counts;739;CTS
CAN;Canada;Americas;Northern America;Victims of sexual violence;by relationship to perpetrator;Perpetrator unknown to the victim;Male;2014;Counts;263;CTS
CAN;Canada;Americas;Northern America;Victims of sexual violence;by relationship to perpetrator;Relationship to perpetrator is not known;Male;2014;Counts;0;CTS
CAN;Canada;Americas;Northern America;Victims of sexual violence;by relationship to perpetrator;Relationship to perpetrator is not known;Male;2015;Counts;0;CTS
CAN;Canada;Americas;Northern America;Victims of sexual violence;by relationship to perpetrator;Intimate partner or family member;Male;2015;Counts;297;CTS
CAN;Canada;Americas;Northern America;Victims of sexual violence;by relationship to perpetrator;Other Perpetrator known to the victim;Male;2015;Counts;805;CTS
CAN;Canada;Americas;Northern America;Victims of sexual violence;by relationship to perpetrator;Perpetrator unknown to the victim;Male;2015;Counts;280;CTS
CAN;Canada;Americas;Northern America;Victims of sexual violence;by relationship to perpetrator;Relationship to perpetrator is not known;Male;2016;Counts;0;CTS
CAN;Canada;Americas;Northern America;Victims of sexual violence;by relationship to perpetrator;Intimate partner or family member;Male;2016;Counts;308;CTS
CAN;Canada;Americas;Northern America;Victims of sexual violence;by relationship to perpetrator;Other Perpetrator known to the victim;Male;2016;Counts;844;CTS
CAN;Canada;Americas;Northern America;Victims of sexual violence;by relationship to perpetrator;Perpetrator unknown to the victim;Male;2016;Counts;335;CTS
CAN;Canada;Americas;Northern America;Victims of sexual violence;by relationship to perpetrator;Intimate partner or family member;Male;2017;Counts;864;CTS
CAN;Canada;Americas;Northern America;Victims of sexual violence;by relationship to perpetrator;Other Perpetrator known to the victim;Male;2017;Counts;1443;CTS
CAN;Canada;Americas;Northern America;Victims of sexual violence;by relationship to perpetrator;Perpetrator unknown to the victim;Male;2017;Counts;428;CTS
CAN;Canada;Americas;Northern America;Victims of sexual violence;by relationship to perpetrator;Relationship to perpetrator is not known;Male;2017;Counts;5;CTS
CAN;Canada;Americas;Northern America;Victims of sexual violence;by relationship to perpetrator;Intimate partner or family member;Male;2018;Counts;961;CTS
CAN;Canada;Americas;Northern America;Victims of sexual violence;by relationship to perpetrator;Other Perpetrator known to the victim;Male;2018;Counts;1790;CTS
CAN;Canada;Americas;Northern America;Victims of sexual violence;by relationship to perpetrator;Perpetrator unknown to the victim;Male;2018;Counts;531;CTS
CAN;Canada;Americas;Northern America;Victims of sexual violence;by relationship to perpetrator;Relationship to perpetrator is not known;Male;2018;Counts;7;CTS
CAN;Canada;Americas;Northern America;Victims of sexual violence;by relationship to perpetrator;Intimate partner or family member;Male;2019;Counts;1241;CTS
CAN;Canada;Americas;Northern America;Victims of sexual violence;by relationship to perpetrator;Other Perpetrator known to the victim;Male;2019;Counts;2083;CTS
CAN;Canada;Americas;Northern America;Victims of sexual violence;by relationship to perpetrator;Perpetrator unknown to the victim;Male;2019;Counts;506;CTS
CAN;Canada;Americas;Northern America;Victims of sexual violence;by relationship to perpetrator;Relationship to perpetrator is not known;Male;2019;Counts;4;CTS
CAN;Canada;Americas;Northern America;Victims of sexual violence;by relationship to perpetrator;Intimate partner or family member;Male;2020;Counts;1227;CTS
CAN;Canada;Americas;Northern America;Victims of sexual violence;by relationship to perpetrator;Other Perpetrator known to the victim;Male;2020;Counts;1816;CTS
CAN;Canada;Americas;Northern America;Victims of sexual violence;by relationship to perpetrator;Perpetrator unknown to the victim;Male;2020;Counts;428;CTS
CAN;Canada;Americas;Northern America;Victims of sexual violence;by relationship to perpetrator;Relationship to perpetrator is not known;Male;2020;Counts;4;CTS
CHE;Switzerland;Europe;Western Europe;Victims of sexual violence;by relationship to perpetrator;Intimate partner or family member;Male;2013;Counts;68;CTS
CHE;Switzerland;Europe;Western Europe;Victims of sexual violence;by relationship to perpetrator;Other Perpetrator known to the victim;Male;2013;Counts;151;CTS
CHE;Switzerland;Europe;Western Europe;Victims of sexual violence;by relationship to perpetrator;Perpetrator unknown to the victim;Male;2013;Counts;74;CTS
CHE;Switzerland;Europe;Western Europe;Victims of sexual violence;by relationship to perpetrator;Relationship to perpetrator is not known;Male;2013;Counts;78;CTS
CHE;Switzerland;Europe;Western Europe;Victims of sexual violence;by relationship to perpetrator;Intimate partner or family member;Male;2014;Counts;69;CTS
CHE;Switzerland;Europe;Western Europe;Victims of sexual violence;by relationship to perpetrator;Other Perpetrator known to the victim;Male;2014;Counts;143;CTS
CHE;Switzerland;Europe;Western Europe;Victims of sexual violence;by relationship to perpetrator;Perpetrator unknown to the victim;Male;2014;Counts;52;CTS
CHE;Switzerland;Europe;Western Europe;Victims of sexual violence;by relationship to perpetrator;Relationship to perpetrator is not known;Male;2014;Counts;93;CTS
CHE;Switzerland;Europe;Western Europe;Victims of sexual violence;by relationship to perpetrator;Intimate partner or family member;Male;2015;Counts;75;CTS
CHE;Switzerland;Europe;Western Europe;Victims of sexual violence;by relationship to perpetrator;Other Perpetrator known to the victim;Male;2015;Counts;152;CTS
CHE;Switzerland;Europe;Western Europe;Victims of sexual violence;by relationship to perpetrator;Perpetrator unknown to the victim;Male;2015;Counts;93;CTS
CHE;Switzerland;Europe;Western Europe;Victims of sexual violence;by relationship to perpetrator;Relationship to perpetrator is not known;Male;2015;Counts;74;CTS
CHE;Switzerland;Europe;Western Europe;Victims of sexual violence;by relationship to perpetrator;Intimate partner or family member;Male;2016;Counts;72;CTS
CHE;Switzerland;Europe;Western Europe;Victims of sexual violence;by relationship to perpetrator;Other Perpetrator known to the victim;Male;2016;Counts;149;CTS
CHE;Switzerland;Europe;Western Europe;Victims of sexual violence;by relationship to perpetrator;Perpetrator unknown to the victim;Male;2016;Counts;142;CTS
CHE;Switzerland;Europe;Western Europe;Victims of sexual violence;by relationship to perpetrator;Relationship to perpetrator is not known;Male;2016;Counts;71;CTS
CHE;Switzerland;Europe;Western Europe;Victims of sexual violence;by relationship to perpetrator;Intimate partner or family member;Male;2017;Counts;87;CTS
CHE;Switzerland;Europe;Western Europe;Victims of sexual violence;by relationship to perpetrator;Other Perpetrator known to the victim;Male;2017;Counts;170;CTS
CHE;Switzerland;Europe;Western Europe;Victims of sexual violence;by relationship to perpetrator;Perpetrator unknown to the victim;Male;2017;Counts;145;CTS
CHE;Switzerland;Europe;Western Europe;Victims of sexual violence;by relationship to perpetrator;Relationship to perpetrator is not known;Male;2017;Counts;96;CTS
CHE;Switzerland;Europe;Western Europe;Victims of sexual violence;by relationship to perpetrator;Intimate partner or family member;Male;2018;Counts;103;CTS
CHE;Switzerland;Europe;Western Europe;Victims of sexual violence;by relationship to perpetrator;Other Perpetrator known to the victim;Male;2018;Counts;152;CTS
CHE;Switzerland;Europe;Western Europe;Victims of sexual violence;by relationship to perpetrator;Perpetrator unknown to the victim;Male;2018;Counts;254;CTS
CHE;Switzerland;Europe;Western Europe;Victims of sexual violence;by relationship to perpetrator;Relationship to perpetrator is not known;Male;2018;Counts;97;CTS
CHE;Switzerland;Europe;Western Europe;Victims of sexual violence;by relationship to perpetrator;Intimate partner or family member;Male;2019;Counts;95;CTS
CHE;Switzerland;Europe;Western Europe;Victims of sexual violence;by relationship to perpetrator;Other Perpetrator known to the victim;Male;2019;Counts;158;CTS
CHE;Switzerland;Europe;Western Europe;Victims of sexual violence;by relationship to perpetrator;Perpetrator unknown to the victim;Male;2019;Counts;126;CTS
CHE;Switzerland;Europe;Western Europe;Victims of sexual violence;by relationship to perpetrator;Relationship to perpetrator is not known;Male;2019;Counts;109;CTS
CHE;Switzerland;Europe;Western Europe;Victims of sexual violence;by relationship to perpetrator;Intimate partner or family member;Male;2020;Counts;97;CTS
CHE;Switzerland;Europe;Western Europe;Victims of sexual violence;by relationship to perpetrator;Other Perpetrator known to the victim;Male;2020;Counts;196;CTS
CHE;Switzerland;Europe;Western Europe;Victims of sexual violence;by relationship to perpetrator;Perpetrator unknown to the victim;Male;2020;Counts;118;CTS
CHE;Switzerland;Europe;Western Europe;Victims of sexual violence;by relationship to perpetrator;Relationship to perpetrator is not known;Male;2020;Counts;109;CTS
COL;Colombia;Americas;Latin America and the Caribbean;Victims of sexual violence;by relationship to perpetrator;Intimate partner or family member;Male;2013;Counts;6;CTS
COL;Colombia;Americas;Latin America and the Caribbean;Victims of sexual violence;by relationship to perpetrator;Other Perpetrator known to the victim;Male;2013;Counts;2518;CTS
COL;Colombia;Americas;Latin America and the Caribbean;Victims of sexual violence;by relationship to perpetrator;Perpetrator unknown to the victim;Male;2013;Counts;237;CTS
COL;Colombia;Americas;Latin America and the Caribbean;Victims of sexual violence;by relationship to perpetrator;Relationship to perpetrator is not known;Male;2013;Counts;466;CTS
COL;Colombia;Americas;Latin America and the Caribbean;Victims of sexual violence;by relationship to perpetrator;Intimate partner or family member;Male;2014;Counts;6;CTS
COL;Colombia;Americas;Latin America and the Caribbean;Victims of sexual violence;by relationship to perpetrator;Other Perpetrator known to the victim;Male;2014;Counts;2518;CTS
COL;Colombia;Americas;Latin America and the Caribbean;Victims of sexual violence;by relationship to perpetrator;Perpetrator unknown to the victim;Male;2014;Counts;237;CTS
COL;Colombia;Americas;Latin America and the Caribbean;Victims of sexual violence;by relationship to perpetrator;Relationship to perpetrator is not known;Male;2014;Counts;466;CTS
COL;Colombia;Americas;Latin America and the Caribbean;Victims of sexual violence;by relationship to perpetrator;Intimate partner or family member;Male;2015;Counts;13;CTS
COL;Colombia;Americas;Latin America and the Caribbean;Victims of sexual violence;by relationship to perpetrator;Other Perpetrator known to the victim;Male;2015;Counts;2627;CTS
COL;Colombia;Americas;Latin America and the Caribbean;Victims of sexual violence;by relationship to perpetrator;Perpetrator unknown to the victim;Male;2015;Counts;157;CTS
COL;Colombia;Americas;Latin America and the Caribbean;Victims of sexual violence;by relationship to perpetrator;Relationship to perpetrator is not known;Male;2015;Counts;482;CTS
COL;Colombia;Americas;Latin America and the Caribbean;Victims of sexual violence;by relationship to perpetrator;Intimate partner or family member;Male;2016;Counts;10;CTS
COL;Colombia;Americas;Latin America and the Caribbean;Victims of sexual violence;by relationship to perpetrator;Other Perpetrator known to the victim;Male;2016;Counts;2691;CTS
COL;Colombia;Americas;Latin America and the Caribbean;Victims of sexual violence;by relationship to perpetrator;Perpetrator unknown to the victim;Male;2016;Counts;154;CTS
COL;Colombia;Americas;Latin America and the Caribbean;Victims of sexual violence;by relationship to perpetrator;Relationship to perpetrator is not known;Male;2016;Counts;287;CTS
COL;Colombia;Americas;Latin America and the Caribbean;Victims of sexual violence;by relationship to perpetrator;Intimate partner or family member;Male;2017;Counts;10;CTS
COL;Colombia;Americas;Latin America and the Caribbean;Victims of sexual violence;by relationship to perpetrator;Other Perpetrator known to the victim;Male;2017;Counts;2942;CTS
COL;Colombia;Americas;Latin America and the Caribbean;Victims of sexual violence;by relationship to perpetrator;Perpetrator unknown to the victim;Male;2017;Counts;154;CTS
COL;Colombia;Americas;Latin America and the Caribbean;Victims of sexual violence;by relationship to perpetrator;Relationship to perpetrator is not known;Male;2017;Counts;273;CTS
COL;Colombia;Americas;Latin America and the Caribbean;Victims of sexual violence;by relationship to perpetrator;Intimate partner or family member;Male;2018;Counts;31;CTS
COL;Colombia;Americas;Latin America and the Caribbean;Victims of sexual violence;by relationship to perpetrator;Other Perpetrator known to the victim;Male;2018;Counts;3283;CTS
COL;Colombia;Americas;Latin America and the Caribbean;Victims of sexual violence;by relationship to perpetrator;Perpetrator unknown to the victim;Male;2018;Counts;154;CTS
COL;Colombia;Americas;Latin America and the Caribbean;Victims of sexual violence;by relationship to perpetrator;Relationship to perpetrator is not known;Male;2018;Counts;288;CTS
COL;Colombia;Americas;Latin America and the Caribbean;Victims of sexual violence;by relationship to perpetrator;Intimate partner or family member;Male;2020;Counts;1152;CTS
COL;Colombia;Americas;Latin America and the Caribbean;Victims of sexual violence;by relationship to perpetrator;Other Perpetrator known to the victim;Male;2020;Counts;979;CTS
COL;Colombia;Americas;Latin America and the Caribbean;Victims of sexual violence;by relationship to perpetrator;Perpetrator unknown to the victim;Male;2020;Counts;88;CTS
COL;Colombia;Americas;Latin America and the Caribbean;Victims of sexual violence;by relationship to perpetrator;Relationship to perpetrator is not known;Male;2020;Counts;365;CTS
CZE;Czechia;Europe;Eastern Europe;Victims of sexual violence;by relationship to perpetrator;Intimate partner or family member;Male;2013;Counts;26;CTS
CZE;Czechia;Europe;Eastern Europe;Victims of sexual violence;by relationship to perpetrator;Other Perpetrator known to the victim;Male;2013;Counts;50;CTS
CZE;Czechia;Europe;Eastern Europe;Victims of sexual violence;by relationship to perpetrator;Perpetrator unknown to the victim;Male;2013;Counts;62;CTS
CZE;Czechia;Europe;Eastern Europe;Victims of sexual violence;by relationship to perpetrator;Relationship to perpetrator is not known;Male;2013;Counts;2;CTS
CZE;Czechia;Europe;Eastern Europe;Victims of sexual violence;by relationship to perpetrator;Intimate partner or family member;Male;2014;Counts;26;CTS
CZE;Czechia;Europe;Eastern Europe;Victims of sexual violence;by relationship to perpetrator;Other Perpetrator known to the victim;Male;2014;Counts;50;CTS
CZE;Czechia;Europe;Eastern Europe;Victims of sexual violence;by relationship to perpetrator;Perpetrator unknown to the victim;Male;2014;Counts;62;CTS
CZE;Czechia;Europe;Eastern Europe;Victims of sexual violence;by relationship to perpetrator;Relationship to perpetrator is not known;Male;2014;Counts;2;CTS
CZE;Czechia;Europe;Eastern Europe;Victims of sexual violence;by relationship to perpetrator;Intimate partner or family member;Male;2015;Counts;21;CTS
CZE;Czechia;Europe;Eastern Europe;Victims of sexual violence;by relationship to perpetrator;Other Perpetrator known to the victim;Male;2015;Counts;42;CTS
CZE;Czechia;Europe;Eastern Europe;Victims of sexual violence;by relationship to perpetrator;Perpetrator unknown to the victim;Male;2015;Counts;63;CTS
CZE;Czechia;Europe;Eastern Europe;Victims of sexual violence;by relationship to perpetrator;Relationship to perpetrator is not known;Male;2015;Counts;3;CTS
CZE;Czechia;Europe;Eastern Europe;Victims of sexual violence;by relationship to perpetrator;Intimate partner or family member;Male;2016;Counts;19;CTS
CZE;Czechia;Europe;Eastern Europe;Victims of sexual violence;by relationship to perpetrator;Other Perpetrator known to the victim;Male;2016;Counts;39;CTS
CZE;Czechia;Europe;Eastern Europe;Victims of sexual violence;by relationship to perpetrator;Perpetrator unknown to the victim;Male;2016;Counts;60;CTS
CZE;Czechia;Europe;Eastern Europe;Victims of sexual violence;by relationship to perpetrator;Relationship to perpetrator is not known;Male;2016;Counts;2;CTS
CZE;Czechia;Europe;Eastern Europe;Victims of sexual violence;by relationship to perpetrator;Intimate partner or family member;Male;2020;Counts;37;CTS
CZE;Czechia;Europe;Eastern Europe;Victims of sexual violence;by relationship to perpetrator;Other Perpetrator known to the victim;Male;2020;Counts;96;CTS
CZE;Czechia;Europe;Eastern Europe;Victims of sexual violence;by relationship to perpetrator;Perpetrator unknown to the victim;Male;2020;Counts;17;CTS
CZE;Czechia;Europe;Eastern Europe;Victims of sexual violence;by relationship to perpetrator;Relationship to perpetrator is not known;Male;2020;Counts;63;CTS
DEU;Germany;Europe;Western Europe;Victims of sexual violence;by relationship to perpetrator;Intimate partner or family member;Male;2013;Counts;814;CTS
DEU;Germany;Europe;Western Europe;Victims of sexual violence;by relationship to perpetrator;Intimate partner or family member;Male;2014;Counts;820;CTS
DEU;Germany;Europe;Western Europe;Victims of sexual violence;by relationship to perpetrator;Other Perpetrator known to the victim;Male;2014;Counts;2230;CTS
DEU;Germany;Europe;Western Europe;Victims of sexual violence;by relationship to perpetrator;Perpetrator unknown to the victim;Male;2014;Counts;2344;CTS
DEU;Germany;Europe;Western Europe;Victims of sexual violence;by relationship to perpetrator;Relationship to perpetrator is not known;Male;2014;Counts;842;CTS
DEU;Germany;Europe;Western Europe;Victims of sexual violence;by relationship to perpetrator;Intimate partner or family member;Male;2015;Counts;790;CTS
DEU;Germany;Europe;Western Europe;Victims of sexual violence;by relationship to perpetrator;Other Perpetrator known to the victim;Male;2015;Counts;2140;CTS
DEU;Germany;Europe;Western Europe;Victims of sexual violence;by relationship to perpetrator;Perpetrator unknown to the victim;Male;2015;Counts;2350;CTS
DEU;Germany;Europe;Western Europe;Victims of sexual violence;by relationship to perpetrator;Relationship to perpetrator is not known;Male;2015;Counts;701;CTS
DEU;Germany;Europe;Western Europe;Victims of sexual violence;by relationship to perpetrator;Intimate partner or family member;Male;2016;Counts;758;CTS
DEU;Germany;Europe;Western Europe;Victims of sexual violence;by relationship to perpetrator;Other Perpetrator known to the victim;Male;2016;Counts;2450;CTS
DEU;Germany;Europe;Western Europe;Victims of sexual violence;by relationship to perpetrator;Perpetrator unknown to the victim;Male;2016;Counts;2825;CTS
DEU;Germany;Europe;Western Europe;Victims of sexual violence;by relationship to perpetrator;Relationship to perpetrator is not known;Male;2016;Counts;613;CTS
DEU;Germany;Europe;Western Europe;Victims of sexual violence;by relationship to perpetrator;Intimate partner or family member;Male;2017;Counts;721;CTS
DEU;Germany;Europe;Western Europe;Victims of sexual violence;by relationship to perpetrator;Other Perpetrator known to the victim;Male;2017;Counts;2293;CTS
DEU;Germany;Europe;Western Europe;Victims of sexual violence;by relationship to perpetrator;Perpetrator unknown to the victim;Male;2017;Counts;1534;CTS
DEU;Germany;Europe;Western Europe;Victims of sexual violence;by relationship to perpetrator;Relationship to perpetrator is not known;Male;2017;Counts;434;CTS
DEU;Germany;Europe;Western Europe;Victims of sexual violence;by relationship to perpetrator;Intimate partner or family member;Male;2018;Counts;762;CTS
DEU;Germany;Europe;Western Europe;Victims of sexual violence;by relationship to perpetrator;Other Perpetrator known to the victim;Male;2018;Counts;2339;CTS
DEU;Germany;Europe;Western Europe;Victims of sexual violence;by relationship to perpetrator;Perpetrator unknown to the victim;Male;2018;Counts;1652;CTS
DEU;Germany;Europe;Western Europe;Victims of sexual violence;by relationship to perpetrator;Relationship to perpetrator is not known;Male;2018;Counts;423;CTS
DEU;Germany;Europe;Western Europe;Victims of sexual violence;by relationship to perpetrator;Intimate partner or family member;Male;2019;Counts;887;CTS
DEU;Germany;Europe;Western Europe;Victims of sexual violence;by relationship to perpetrator;Other Perpetrator known to the victim;Male;2019;Counts;2537;CTS
DEU;Germany;Europe;Western Europe;Victims of sexual violence;by relationship to perpetrator;Perpetrator unknown to the victim;Male;2019;Counts;1628;CTS
DEU;Germany;Europe;Western Europe;Victims of sexual violence;by relationship to perpetrator;Relationship to perpetrator is not known;Male;2019;Counts;483;CTS
DEU;Germany;Europe;Western Europe;Victims of sexual violence;by relationship to perpetrator;Intimate partner or family member;Male;2020;Counts;1049;CTS
DEU;Germany;Europe;Western Europe;Victims of sexual violence;by relationship to perpetrator;Other Perpetrator known to the victim;Male;2020;Counts;2704;CTS
DEU;Germany;Europe;Western Europe;Victims of sexual violence;by relationship to perpetrator;Perpetrator unknown to the victim;Male;2020;Counts;1649;CTS
DEU;Germany;Europe;Western Europe;Victims of sexual violence;by relationship to perpetrator;Relationship to perpetrator is not known;Male;2020;Counts;662;CTS
ESP;Spain;Europe;Southern Europe;Victims of sexual violence;by relationship to perpetrator;Intimate partner or family member;Male;2016;Counts;142;CTS
ESP;Spain;Europe;Southern Europe;Victims of sexual violence;by relationship to perpetrator;Other Perpetrator known to the victim;Male;2016;Counts;151;CTS
ESP;Spain;Europe;Southern Europe;Victims of sexual violence;by relationship to perpetrator;Perpetrator unknown to the victim;Male;2016;Counts;748;CTS
ESP;Spain;Europe;Southern Europe;Victims of sexual violence;by relationship to perpetrator;Relationship to perpetrator is not known;Male;2016;Counts;589;CTS
ESP;Spain;Europe;Southern Europe;Victims of sexual violence;by relationship to perpetrator;Intimate partner or family member;Male;2017;Counts;157;CTS
ESP;Spain;Europe;Southern Europe;Victims of sexual violence;by relationship to perpetrator;Other Perpetrator known to the victim;Male;2017;Counts;130;CTS
ESP;Spain;Europe;Southern Europe;Victims of sexual violence;by relationship to perpetrator;Perpetrator unknown to the victim;Male;2017;Counts;702;CTS
ESP;Spain;Europe;Southern Europe;Victims of sexual violence;by relationship to perpetrator;Relationship to perpetrator is not known;Male;2017;Counts;317;CTS
ESP;Spain;Europe;Southern Europe;Victims of sexual violence;by relationship to perpetrator;Intimate partner or family member;Male;2018;Counts;190;CTS
ESP;Spain;Europe;Southern Europe;Victims of sexual violence;by relationship to perpetrator;Other Perpetrator known to the victim;Male;2018;Counts;191;CTS
ESP;Spain;Europe;Southern Europe;Victims of sexual violence;by relationship to perpetrator;Perpetrator unknown to the victim;Male;2018;Counts;880;CTS
ESP;Spain;Europe;Southern Europe;Victims of sexual violence;by relationship to perpetrator;Relationship to perpetrator is not known;Male;2018;Counts;393;CTS
ESP;Spain;Europe;Southern Europe;Victims of sexual violence;by relationship to perpetrator;Intimate partner or family member;Male;2019;Counts;146;CTS
ESP;Spain;Europe;Southern Europe;Victims of sexual violence;by relationship to perpetrator;Other Perpetrator known to the victim;Male;2019;Counts;194;CTS
ESP;Spain;Europe;Southern Europe;Victims of sexual violence;by relationship to perpetrator;Perpetrator unknown to the victim;Male;2019;Counts;970;CTS
ESP;Spain;Europe;Southern Europe;Victims of sexual violence;by relationship to perpetrator;Relationship to perpetrator is not known;Male;2019;Counts;185;CTS
ESP;Spain;Europe;Southern Europe;Victims of sexual violence;by relationship to perpetrator;Intimate partner or family member;Male;2020;Counts;165;CTS
ESP;Spain;Europe;Southern Europe;Victims of sexual violence;by relationship to perpetrator;Other Perpetrator known to the victim;Male;2020;Counts;153;CTS
ESP;Spain;Europe;Southern Europe;Victims of sexual violence;by relationship to perpetrator;Perpetrator unknown to the victim;Male;2020;Counts;895;CTS
ESP;Spain;Europe;Southern Europe;Victims of sexual violence;by relationship to perpetrator;Relationship to perpetrator is not known;Male;2020;Counts;126;CTS
FIN;Finland;Europe;Northern Europe;Victims of sexual violence;by relationship to perpetrator;Intimate partner or family member;Male;2013;Counts;31;CTS
FIN;Finland;Europe;Northern Europe;Victims of sexual violence;by relationship to perpetrator;Relationship to perpetrator is not known;Male;2013;Counts;142;CTS
FIN;Finland;Europe;Northern Europe;Victims of sexual violence;by relationship to perpetrator;Intimate partner or family member;Male;2014;Counts;30;CTS
FIN;Finland;Europe;Northern Europe;Victims of sexual violence;by relationship to perpetrator;Relationship to perpetrator is not known;Male;2014;Counts;131;CTS
FIN;Finland;Europe;Northern Europe;Victims of sexual violence;by relationship to perpetrator;Intimate partner or family member;Male;2015;Counts;27;CTS
FIN;Finland;Europe;Northern Europe;Victims of sexual violence;by relationship to perpetrator;Relationship to perpetrator is not known;Male;2015;Counts;177;CTS
FIN;Finland;Europe;Northern Europe;Victims of sexual violence;by relationship to perpetrator;Intimate partner or family member;Male;2016;Counts;28;CTS
FIN;Finland;Europe;Northern Europe;Victims of sexual violence;by relationship to perpetrator;Relationship to perpetrator is not known;Male;2016;Counts;208;CTS
FIN;Finland;Europe;Northern Europe;Victims of sexual violence;by relationship to perpetrator;Relationship to perpetrator is not known;Male;2017;Counts;219;CTS
FIN;Finland;Europe;Northern Europe;Victims of sexual violence;by relationship to perpetrator;Intimate partner or family member;Male;2017;Counts;16;CTS
FIN;Finland;Europe;Northern Europe;Victims of sexual violence;by relationship to perpetrator;Relationship to perpetrator is not known;Male;2018;Counts;306;CTS
FIN;Finland;Europe;Northern Europe;Victims of sexual violence;by relationship to perpetrator;Intimate partner or family member;Male;2018;Counts;33;CTS
FIN;Finland;Europe;Northern Europe;Victims of sexual violence;by relationship to perpetrator;Intimate partner or family member;Male;2019;Counts;33;CTS
FIN;Finland;Europe;Northern Europe;Victims of sexual violence;by relationship to perpetrator;Relationship to perpetrator is not known;Male;2019;Counts;292;CTS
FIN;Finland;Europe;Northern Europe;Victims of sexual violence;by relationship to perpetrator;Intimate partner or family member;Male;2020;Counts;44;CTS
FIN;Finland;Europe;Northern Europe;Victims of sexual violence;by relationship to perpetrator;Relationship to perpetrator is not known;Male;2020;Counts;300;CTS
FRA;France;Europe;Western Europe;Victims of sexual violence;by relationship to perpetrator;Intimate partner or family member;Male;2016;Counts;1494;CTS
FRA;France;Europe;Western Europe;Victims of sexual violence;by relationship to perpetrator;Relationship to perpetrator is not known;Male;2016;Counts;4180;CTS
FRA;France;Europe;Western Europe;Victims of sexual violence;by relationship to perpetrator;Relationship to perpetrator is not known;Male;2017;Counts;4467;CTS
FRA;France;Europe;Western Europe;Victims of sexual violence;by relationship to perpetrator;Intimate partner or family member;Male;2017;Counts;1603;CTS
FRA;France;Europe;Western Europe;Victims of sexual violence;by relationship to perpetrator;Relationship to perpetrator is not known;Male;2018;Counts;5096;CTS
FRA;France;Europe;Western Europe;Victims of sexual violence;by relationship to perpetrator;Intimate partner or family member;Male;2018;Counts;1839;CTS
FRA;France;Europe;Western Europe;Victims of sexual violence;by relationship to perpetrator;Intimate partner or family member;Male;2019;Counts;2111;CTS
FRA;France;Europe;Western Europe;Victims of sexual violence;by relationship to perpetrator;Relationship to perpetrator is not known;Male;2019;Counts;5637;CTS
FRA;France;Europe;Western Europe;Victims of sexual violence;by relationship to perpetrator;Intimate partner or family member;Male;2020;Counts;2212;CTS
FRA;France;Europe;Western Europe;Victims of sexual violence;by relationship to perpetrator;Relationship to perpetrator is not known;Male;2020;Counts;5361;CTS
GTM;Guatemala;Americas;Latin America and the Caribbean;Victims of sexual violence;by relationship to perpetrator;Intimate partner or family member;Male;2017;Counts;0;CTS
GTM;Guatemala;Americas;Latin America and the Caribbean;Victims of sexual violence;by relationship to perpetrator;Relationship to perpetrator is not known;Male;2017;Counts;2042;CTS
GTM;Guatemala;Americas;Latin America and the Caribbean;Victims of sexual violence;by relationship to perpetrator;Intimate partner or family member;Male;2018;Counts;6;CTS
GTM;Guatemala;Americas;Latin America and the Caribbean;Victims of sexual violence;by relationship to perpetrator;Relationship to perpetrator is not known;Male;2018;Counts;2075;CTS
GTM;Guatemala;Americas;Latin America and the Caribbean;Victims of sexual violence;by relationship to perpetrator;Intimate partner or family member;Male;2019;Counts;0;CTS
GTM;Guatemala;Americas;Latin America and the Caribbean;Victims of sexual violence;by relationship to perpetrator;Relationship to perpetrator is not known;Male;2019;Counts;1999;CTS
GTM;Guatemala;Americas;Latin America and the Caribbean;Victims of sexual violence;by relationship to perpetrator;Intimate partner or family member;Male;2020;Counts;1;CTS
GTM;Guatemala;Americas;Latin America and the Caribbean;Victims of sexual violence;by relationship to perpetrator;Relationship to perpetrator is not known;Male;2020;Counts;1726;CTS
GUY;Guyana;Americas;Latin America and the Caribbean;Victims of sexual violence;by relationship to perpetrator;Intimate partner or family member;Male;2016;Counts;46;CTS
GUY;Guyana;Americas;Latin America and the Caribbean;Victims of sexual violence;by relationship to perpetrator;Other Perpetrator known to the victim;Male;2016;Counts;39;CTS
GUY;Guyana;Americas;Latin America and the Caribbean;Victims of sexual violence;by relationship to perpetrator;Perpetrator unknown to the victim;Male;2016;Counts;19;CTS
GUY;Guyana;Americas;Latin America and the Caribbean;Victims of sexual violence;by relationship to perpetrator;Intimate partner or family member;Male;2018;Counts;4;CTS
GUY;Guyana;Americas;Latin America and the Caribbean;Victims of sexual violence;by relationship to perpetrator;Other Perpetrator known to the victim;Male;2018;Counts;5;CTS
GUY;Guyana;Americas;Latin America and the Caribbean;Victims of sexual violence;by relationship to perpetrator;Perpetrator unknown to the victim;Male;2018;Counts;0;CTS
GUY;Guyana;Americas;Latin America and the Caribbean;Victims of sexual violence;by relationship to perpetrator;Relationship to perpetrator is not known;Male;2018;Counts;0;CTS
HRV;Croatia;Europe;Southern Europe;Victims of sexual violence;by relationship to perpetrator;Intimate partner or family member;Male;2016;Counts;11;CTS
HRV;Croatia;Europe;Southern Europe;Victims of sexual violence;by relationship to perpetrator;Other Perpetrator known to the victim;Male;2016;Counts;3;CTS
HRV;Croatia;Europe;Southern Europe;Victims of sexual violence;by relationship to perpetrator;Perpetrator unknown to the victim;Male;2016;Counts;4;CTS
HRV;Croatia;Europe;Southern Europe;Victims of sexual violence;by relationship to perpetrator;Relationship to perpetrator is not known;Male;2016;Counts;27;CTS
HRV;Croatia;Europe;Southern Europe;Victims of sexual violence;by relationship to perpetrator;Intimate partner or family member;Male;2018;Counts;14;CTS
HRV;Croatia;Europe;Southern Europe;Victims of sexual violence;by relationship to perpetrator;Other Perpetrator known to the victim;Male;2018;Counts;18;CTS
HRV;Croatia;Europe;Southern Europe;Victims of sexual violence;by relationship to perpetrator;Perpetrator unknown to the victim;Male;2018;Counts;0;CTS
HRV;Croatia;Europe;Southern Europe;Victims of sexual violence;by relationship to perpetrator;Relationship to perpetrator is not known;Male;2018;Counts;21;CTS
HRV;Croatia;Europe;Southern Europe;Victims of sexual violence;by relationship to perpetrator;Intimate partner or family member;Male;2019;Counts;11;CTS
HRV;Croatia;Europe;Southern Europe;Victims of sexual violence;by relationship to perpetrator;Other Perpetrator known to the victim;Male;2019;Counts;19;CTS
HRV;Croatia;Europe;Southern Europe;Victims of sexual violence;by relationship to perpetrator;Perpetrator unknown to the victim;Male;2019;Counts;3;CTS
HRV;Croatia;Europe;Southern Europe;Victims of sexual violence;by relationship to perpetrator;Relationship to perpetrator is not known;Male;2019;Counts;58;CTS
HRV;Croatia;Europe;Southern Europe;Victims of sexual violence;by relationship to perpetrator;Intimate partner or family member;Male;2020;Counts;5;CTS
HRV;Croatia;Europe;Southern Europe;Victims of sexual violence;by relationship to perpetrator;Other Perpetrator known to the victim;Male;2020;Counts;29;CTS
HRV;Croatia;Europe;Southern Europe;Victims of sexual violence;by relationship to perpetrator;Perpetrator unknown to the victim;Male;2020;Counts;4;CTS
HRV;Croatia;Europe;Southern Europe;Victims of sexual violence;by relationship to perpetrator;Relationship to perpetrator is not known;Male;2020;Counts;18;CTS
HUN;Hungary;Europe;Eastern Europe;Victims of sexual violence;by relationship to perpetrator;Intimate partner or family member;Male;2013;Counts;45;CTS
HUN;Hungary;Europe;Eastern Europe;Victims of sexual violence;by relationship to perpetrator;Intimate partner or family member;Male;2014;Counts;25;CTS
HUN;Hungary;Europe;Eastern Europe;Victims of sexual violence;by relationship to perpetrator;Intimate partner or family member;Male;2016;Counts;28;CTS
HUN;Hungary;Europe;Eastern Europe;Victims of sexual violence;by relationship to perpetrator;Other Perpetrator known to the victim;Male;2016;Counts;67;CTS
HUN;Hungary;Europe;Eastern Europe;Victims of sexual violence;by relationship to perpetrator;Perpetrator unknown to the victim;Male;2016;Counts;7;CTS
HUN;Hungary;Europe;Eastern Europe;Victims of sexual violence;by relationship to perpetrator;Relationship to perpetrator is not known;Male;2016;Counts;1;CTS
HUN;Hungary;Europe;Eastern Europe;Victims of sexual violence;by relationship to perpetrator;Intimate partner or family member;Male;2017;Counts;17;CTS
HUN;Hungary;Europe;Eastern Europe;Victims of sexual violence;by relationship to perpetrator;Other Perpetrator known to the victim;Male;2017;Counts;79;CTS
HUN;Hungary;Europe;Eastern Europe;Victims of sexual violence;by relationship to perpetrator;Perpetrator unknown to the victim;Male;2017;Counts;16;CTS
HUN;Hungary;Europe;Eastern Europe;Victims of sexual violence;by relationship to perpetrator;Relationship to perpetrator is not known;Male;2017;Counts;1;CTS
HUN;Hungary;Europe;Eastern Europe;Victims of sexual violence;by relationship to perpetrator;Intimate partner or family member;Male;2018;Counts;8;CTS
HUN;Hungary;Europe;Eastern Europe;Victims of sexual violence;by relationship to perpetrator;Other Perpetrator known to the victim;Male;2018;Counts;40;CTS
HUN;Hungary;Europe;Eastern Europe;Victims of sexual violence;by relationship to perpetrator;Perpetrator unknown to the victim;Male;2018;Counts;5;CTS
HUN;Hungary;Europe;Eastern Europe;Victims of sexual violence;by relationship to perpetrator;Relationship to perpetrator is not known;Male;2018;Counts;0;CTS
HUN;Hungary;Europe;Eastern Europe;Victims of sexual violence;by relationship to perpetrator;Intimate partner or family member;Male;2019;Counts;13;CTS
HUN;Hungary;Europe;Eastern Europe;Victims of sexual violence;by relationship to perpetrator;Other Perpetrator known to the victim;Male;2019;Counts;63;CTS
HUN;Hungary;Europe;Eastern Europe;Victims of sexual violence;by relationship to perpetrator;Perpetrator unknown to the victim;Male;2019;Counts;9;CTS
HUN;Hungary;Europe;Eastern Europe;Victims of sexual violence;by relationship to perpetrator;Relationship to perpetrator is not known;Male;2019;Counts;0;CTS
HUN;Hungary;Europe;Eastern Europe;Victims of sexual violence;by relationship to perpetrator;Intimate partner or family member;Male;2020;Counts;26;CTS
HUN;Hungary;Europe;Eastern Europe;Victims of sexual violence;by relationship to perpetrator;Other Perpetrator known to the victim;Male;2020;Counts;64;CTS
HUN;Hungary;Europe;Eastern Europe;Victims of sexual violence;by relationship to perpetrator;Perpetrator unknown to the victim;Male;2020;Counts;11;CTS
HUN;Hungary;Europe;Eastern Europe;Victims of sexual violence;by relationship to perpetrator;Relationship to perpetrator is not known;Male;2020;Counts;0;CTS
ITA;Italy;Europe;Southern Europe;Victims of sexual violence;by relationship to perpetrator;Relationship to perpetrator is not known;Male;2015;Counts;404;CTS
ITA;Italy;Europe;Southern Europe;Victims of sexual violence;by relationship to perpetrator;Relationship to perpetrator is not known;Male;2016;Counts;500;CTS
ITA;Italy;Europe;Southern Europe;Victims of sexual violence;by relationship to perpetrator;Relationship to perpetrator is not known;Male;2017;Counts;515;CTS
ITA;Italy;Europe;Southern Europe;Victims of sexual violence;by relationship to perpetrator;Relationship to perpetrator is not known;Male;2018;Counts;454;CTS
ITA;Italy;Europe;Southern Europe;Victims of sexual violence;by relationship to perpetrator;Relationship to perpetrator is not known;Male;2019;Counts;521;CTS
ITA;Italy;Europe;Southern Europe;Victims of sexual violence;by relationship to perpetrator;Relationship to perpetrator is not known;Male;2020;Counts;382;CTS
KNA;Saint Kitts and Nevis;Americas;Latin America and the Caribbean;Victims of sexual violence;by relationship to perpetrator;Intimate partner or family member;Male;2017;Counts;0;CTS
KNA;Saint Kitts and Nevis;Americas;Latin America and the Caribbean;Victims of sexual violence;by relationship to perpetrator;Other Perpetrator known to the victim;Male;2017;Counts;0;CTS
KNA;Saint Kitts and Nevis;Americas;Latin America and the Caribbean;Victims of sexual violence;by relationship to perpetrator;Perpetrator unknown to the victim;Male;2017;Counts;0;CTS
KNA;Saint Kitts and Nevis;Americas;Latin America and the Caribbean;Victims of sexual violence;by relationship to perpetrator;Relationship to perpetrator is not known;Male;2017;Counts;3;CTS
KNA;Saint Kitts and Nevis;Americas;Latin America and the Caribbean;Victims of sexual violence;by relationship to perpetrator;Intimate partner or family member;Male;2018;Counts;0;CTS
KNA;Saint Kitts and Nevis;Americas;Latin America and the Caribbean;Victims of sexual violence;by relationship to perpetrator;Other Perpetrator known to the victim;Male;2018;Counts;0;CTS
KNA;Saint Kitts and Nevis;Americas;Latin America and the Caribbean;Victims of sexual violence;by relationship to perpetrator;Perpetrator unknown to the victim;Male;2018;Counts;0;CTS
KNA;Saint Kitts and Nevis;Americas;Latin America and the Caribbean;Victims of sexual violence;by relationship to perpetrator;Relationship to perpetrator is not known;Male;2018;Counts;0;CTS
KNA;Saint Kitts and Nevis;Americas;Latin America and the Caribbean;Victims of sexual violence;by relationship to perpetrator;Intimate partner or family member;Male;2019;Counts;0;CTS
KNA;Saint Kitts and Nevis;Americas;Latin America and the Caribbean;Victims of sexual violence;by relationship to perpetrator;Other Perpetrator known to the victim;Male;2019;Counts;0;CTS
KNA;Saint Kitts and Nevis;Americas;Latin America and the Caribbean;Victims of sexual violence;by relationship to perpetrator;Perpetrator unknown to the victim;Male;2019;Counts;0;CTS
KNA;Saint Kitts and Nevis;Americas;Latin America and the Caribbean;Victims of sexual violence;by relationship to perpetrator;Relationship to perpetrator is not known;Male;2019;Counts;0;CTS
KNA;Saint Kitts and Nevis;Americas;Latin America and the Caribbean;Victims of sexual violence;by relationship to perpetrator;Intimate partner or family member;Male;2020;Counts;0;CTS
KNA;Saint Kitts and Nevis;Americas;Latin America and the Caribbean;Victims of sexual violence;by relationship to perpetrator;Other Perpetrator known to the victim;Male;2020;Counts;0;CTS
KNA;Saint Kitts and Nevis;Americas;Latin America and the Caribbean;Victims of sexual violence;by relationship to perpetrator;Perpetrator unknown to the victim;Male;2020;Counts;0;CTS
KNA;Saint Kitts and Nevis;Americas;Latin America and the Caribbean;Victims of sexual violence;by relationship to perpetrator;Relationship to perpetrator is not known;Male;2020;Counts;0;CTS
LTU;Lithuania;Europe;Northern Europe;Victims of sexual violence;by relationship to perpetrator;Intimate partner or family member;Male;2015;Counts;5;CTS
LTU;Lithuania;Europe;Northern Europe;Victims of sexual violence;by relationship to perpetrator;Other Perpetrator known to the victim;Male;2015;Counts;6;CTS
LTU;Lithuania;Europe;Northern Europe;Victims of sexual violence;by relationship to perpetrator;Perpetrator unknown to the victim;Male;2015;Counts;3;CTS
LTU;Lithuania;Europe;Northern Europe;Victims of sexual violence;by relationship to perpetrator;Relationship to perpetrator is not known;Male;2015;Counts;1;CTS
LTU;Lithuania;Europe;Northern Europe;Victims of sexual violence;by relationship to perpetrator;Intimate partner or family member;Male;2016;Counts;3;CTS
LTU;Lithuania;Europe;Northern Europe;Victims of sexual violence;by relationship to perpetrator;Other Perpetrator known to the victim;Male;2016;Counts;4;CTS
LTU;Lithuania;Europe;Northern Europe;Victims of sexual violence;by relationship to perpetrator;Perpetrator unknown to the victim;Male;2016;Counts;2;CTS
LTU;Lithuania;Europe;Northern Europe;Victims of sexual violence;by relationship to perpetrator;Relationship to perpetrator is not known;Male;2016;Counts;5;CTS
LTU;Lithuania;Europe;Northern Europe;Victims of sexual violence;by relationship to perpetrator;Intimate partner or family member;Male;2017;Counts;2;CTS
LTU;Lithuania;Europe;Northern Europe;Victims of sexual violence;by relationship to perpetrator;Other Perpetrator known to the victim;Male;2017;Counts;7;CTS
LTU;Lithuania;Europe;Northern Europe;Victims of sexual violence;by relationship to perpetrator;Perpetrator unknown to the victim;Male;2017;Counts;1;CTS
LTU;Lithuania;Europe;Northern Europe;Victims of sexual violence;by relationship to perpetrator;Relationship to perpetrator is not known;Male;2017;Counts;8;CTS
LTU;Lithuania;Europe;Northern Europe;Victims of sexual violence;by relationship to perpetrator;Intimate partner or family member;Male;2018;Counts;9;CTS
LTU;Lithuania;Europe;Northern Europe;Victims of sexual violence;by relationship to perpetrator;Other Perpetrator known to the victim;Male;2018;Counts;6;CTS
LTU;Lithuania;Europe;Northern Europe;Victims of sexual violence;by relationship to perpetrator;Perpetrator unknown to the victim;Male;2018;Counts;0;CTS
LTU;Lithuania;Europe;Northern Europe;Victims of sexual violence;by relationship to perpetrator;Relationship to perpetrator is not known;Male;2018;Counts;0;CTS
LTU;Lithuania;Europe;Northern Europe;Victims of sexual violence;by relationship to perpetrator;Intimate partner or family member;Male;2019;Counts;5;CTS
LTU;Lithuania;Europe;Northern Europe;Victims of sexual violence;by relationship to perpetrator;Other Perpetrator known to the victim;Male;2019;Counts;4;CTS
LTU;Lithuania;Europe;Northern Europe;Victims of sexual violence;by relationship to perpetrator;Perpetrator unknown to the victim;Male;2019;Counts;3;CTS
LTU;Lithuania;Europe;Northern Europe;Victims of sexual violence;by relationship to perpetrator;Relationship to perpetrator is not known;Male;2019;Counts;5;CTS
LTU;Lithuania;Europe;Northern Europe;Victims of sexual violence;by relationship to perpetrator;Intimate partner or family member;Male;2020;Counts;0;CTS
LTU;Lithuania;Europe;Northern Europe;Victims of sexual violence;by relationship to perpetrator;Other Perpetrator known to the victim;Male;2020;Counts;10;CTS
LTU;Lithuania;Europe;Northern Europe;Victims of sexual violence;by relationship to perpetrator;Perpetrator unknown to the victim;Male;2020;Counts;0;CTS
LTU;Lithuania;Europe;Northern Europe;Victims of sexual violence;by relationship to perpetrator;Relationship to perpetrator is not known;Male;2020;Counts;4;CTS
LVA;Latvia;Europe;Northern Europe;Victims of sexual violence;by relationship to perpetrator;Intimate partner or family member;Male;2016;Counts;0;CTS
LVA;Latvia;Europe;Northern Europe;Victims of sexual violence;by relationship to perpetrator;Other Perpetrator known to the victim;Male;2016;Counts;6;CTS
LVA;Latvia;Europe;Northern Europe;Victims of sexual violence;by relationship to perpetrator;Perpetrator unknown to the victim;Male;2016;Counts;1;CTS
LVA;Latvia;Europe;Northern Europe;Victims of sexual violence;by relationship to perpetrator;Relationship to perpetrator is not known;Male;2016;Counts;1;CTS
LVA;Latvia;Europe;Northern Europe;Victims of sexual violence;by relationship to perpetrator;Perpetrator unknown to the victim;Male;2017;Counts;4;CTS
LVA;Latvia;Europe;Northern Europe;Victims of sexual violence;by relationship to perpetrator;Intimate partner or family member;Male;2017;Counts;9;CTS
LVA;Latvia;Europe;Northern Europe;Victims of sexual violence;by relationship to perpetrator;Other Perpetrator known to the victim;Male;2017;Counts;6;CTS
LVA;Latvia;Europe;Northern Europe;Victims of sexual violence;by relationship to perpetrator;Relationship to perpetrator is not known;Male;2017;Counts;4;CTS
LVA;Latvia;Europe;Northern Europe;Victims of sexual violence;by relationship to perpetrator;Intimate partner or family member;Male;2018;Counts;8;CTS
LVA;Latvia;Europe;Northern Europe;Victims of sexual violence;by relationship to perpetrator;Other Perpetrator known to the victim;Male;2018;Counts;7;CTS
LVA;Latvia;Europe;Northern Europe;Victims of sexual violence;by relationship to perpetrator;Perpetrator unknown to the victim;Male;2018;Counts;3;CTS
LVA;Latvia;Europe;Northern Europe;Victims of sexual violence;by relationship to perpetrator;Relationship to perpetrator is not known;Male;2018;Counts;4;CTS
LVA;Latvia;Europe;Northern Europe;Victims of sexual violence;by relationship to perpetrator;Intimate partner or family member;Male;2019;Counts;8;CTS
LVA;Latvia;Europe;Northern Europe;Victims of sexual violence;by relationship to perpetrator;Other Perpetrator known to the victim;Male;2019;Counts;6;CTS
LVA;Latvia;Europe;Northern Europe;Victims of sexual violence;by relationship to perpetrator;Perpetrator unknown to the victim;Male;2019;Counts;2;CTS
LVA;Latvia;Europe;Northern Europe;Victims of sexual violence;by relationship to perpetrator;Relationship to perpetrator is not known;Male;2019;Counts;6;CTS
LVA;Latvia;Europe;Northern Europe;Victims of sexual violence;by relationship to perpetrator;Intimate partner or family member;Male;2020;Counts;6;CTS
LVA;Latvia;Europe;Northern Europe;Victims of sexual violence;by relationship to perpetrator;Other Perpetrator known to the victim;Male;2020;Counts;2;CTS
LVA;Latvia;Europe;Northern Europe;Victims of sexual violence;by relationship to perpetrator;Perpetrator unknown to the victim;Male;2020;Counts;3;CTS
LVA;Latvia;Europe;Northern Europe;Victims of sexual violence;by relationship to perpetrator;Relationship to perpetrator is not known;Male;2020;Counts;3;CTS
MAR;Morocco;Africa;Northern Africa;Victims of sexual violence;by relationship to perpetrator;Intimate partner or family member;Male;2020;Counts;5;CTS
MAR;Morocco;Africa;Northern Africa;Victims of sexual violence;by relationship to perpetrator;Other Perpetrator known to the victim;Male;2020;Counts;157;CTS
MAR;Morocco;Africa;Northern Africa;Victims of sexual violence;by relationship to perpetrator;Perpetrator unknown to the victim;Male;2020;Counts;76;CTS
MAR;Morocco;Africa;Northern Africa;Victims of sexual violence;by relationship to perpetrator;Relationship to perpetrator is not known;Male;2020;Counts;270;CTS
MEX;Mexico;Americas;Latin America and the Caribbean;Victims of sexual violence;by relationship to perpetrator;Intimate partner or family member;Male;2017;Counts;321;CTS
MEX;Mexico;Americas;Latin America and the Caribbean;Victims of sexual violence;by relationship to perpetrator;Other Perpetrator known to the victim;Male;2017;Counts;117;CTS
MEX;Mexico;Americas;Latin America and the Caribbean;Victims of sexual violence;by relationship to perpetrator;Perpetrator unknown to the victim;Male;2017;Counts;757;CTS
MEX;Mexico;Americas;Latin America and the Caribbean;Victims of sexual violence;by relationship to perpetrator;Relationship to perpetrator is not known;Male;2017;Counts;3412;CTS
MEX;Mexico;Americas;Latin America and the Caribbean;Victims of sexual violence;by relationship to perpetrator;Intimate partner or family member;Male;2018;Counts;372;CTS
MEX;Mexico;Americas;Latin America and the Caribbean;Victims of sexual violence;by relationship to perpetrator;Other Perpetrator known to the victim;Male;2018;Counts;74;CTS
MEX;Mexico;Americas;Latin America and the Caribbean;Victims of sexual violence;by relationship to perpetrator;Perpetrator unknown to the victim;Male;2018;Counts;717;CTS
MEX;Mexico;Americas;Latin America and the Caribbean;Victims of sexual violence;by relationship to perpetrator;Relationship to perpetrator is not known;Male;2018;Counts;3347;CTS
MEX;Mexico;Americas;Latin America and the Caribbean;Victims of sexual violence;by relationship to perpetrator;Intimate partner or family member;Male;2019;Counts;1282;CTS
MEX;Mexico;Americas;Latin America and the Caribbean;Victims of sexual violence;by relationship to perpetrator;Other Perpetrator known to the victim;Male;2019;Counts;201;CTS
MEX;Mexico;Americas;Latin America and the Caribbean;Victims of sexual violence;by relationship to perpetrator;Perpetrator unknown to the victim;Male;2019;Counts;1353;CTS
MEX;Mexico;Americas;Latin America and the Caribbean;Victims of sexual violence;by relationship to perpetrator;Relationship to perpetrator is not known;Male;2019;Counts;4590;CTS
MEX;Mexico;Americas;Latin America and the Caribbean;Victims of sexual violence;by relationship to perpetrator;Intimate partner or family member;Male;2020;Counts;1169;CTS
MEX;Mexico;Americas;Latin America and the Caribbean;Victims of sexual violence;by relationship to perpetrator;Other Perpetrator known to the victim;Male;2020;Counts;277;CTS
MEX;Mexico;Americas;Latin America and the Caribbean;Victims of sexual violence;by relationship to perpetrator;Perpetrator unknown to the victim;Male;2020;Counts;1617;CTS
MEX;Mexico;Americas;Latin America and the Caribbean;Victims of sexual violence;by relationship to perpetrator;Relationship to perpetrator is not known;Male;2020;Counts;3258;CTS
MMR;Myanmar;Asia;South-eastern Asia;Victims of sexual violence;by relationship to perpetrator;Intimate partner or family member;Male;2013;Counts;5;CTS
MMR;Myanmar;Asia;South-eastern Asia;Victims of sexual violence;by relationship to perpetrator;Other Perpetrator known to the victim;Male;2013;Counts;16;CTS
MMR;Myanmar;Asia;South-eastern Asia;Victims of sexual violence;by relationship to perpetrator;Perpetrator unknown to the victim;Male;2013;Counts;6;CTS
MMR;Myanmar;Asia;South-eastern Asia;Victims of sexual violence;by relationship to perpetrator;Intimate partner or family member;Male;2014;Counts;2;CTS
MMR;Myanmar;Asia;South-eastern Asia;Victims of sexual violence;by relationship to perpetrator;Other Perpetrator known to the victim;Male;2014;Counts;31;CTS
MMR;Myanmar;Asia;South-eastern Asia;Victims of sexual violence;by relationship to perpetrator;Perpetrator unknown to the victim;Male;2014;Counts;6;CTS
MMR;Myanmar;Asia;South-eastern Asia;Victims of sexual violence;by relationship to perpetrator;Intimate partner or family member;Male;2015;Counts;4;CTS
MMR;Myanmar;Asia;South-eastern Asia;Victims of sexual violence;by relationship to perpetrator;Other Perpetrator known to the victim;Male;2015;Counts;12;CTS
MMR;Myanmar;Asia;South-eastern Asia;Victims of sexual violence;by relationship to perpetrator;Perpetrator unknown to the victim;Male;2015;Counts;3;CTS
MMR;Myanmar;Asia;South-eastern Asia;Victims of sexual violence;by relationship to perpetrator;Other Perpetrator known to the victim;Male;2016;Counts;10;CTS
MMR;Myanmar;Asia;South-eastern Asia;Victims of sexual violence;by relationship to perpetrator;Perpetrator unknown to the victim;Male;2016;Counts;4;CTS
MMR;Myanmar;Asia;South-eastern Asia;Victims of sexual violence;by relationship to perpetrator;Intimate partner or family member;Male;2018;Counts;2;CTS
MMR;Myanmar;Asia;South-eastern Asia;Victims of sexual violence;by relationship to perpetrator;Other Perpetrator known to the victim;Male;2018;Counts;33;CTS
MMR;Myanmar;Asia;South-eastern Asia;Victims of sexual violence;by relationship to perpetrator;Perpetrator unknown to the victim;Male;2018;Counts;13;CTS
MNG;Mongolia;Asia;Eastern Asia;Victims of sexual violence;by relationship to perpetrator;Intimate partner or family member;Male;2016;Counts;0;CTS
MNG;Mongolia;Asia;Eastern Asia;Victims of sexual violence;by relationship to perpetrator;Other Perpetrator known to the victim;Male;2016;Counts;0;CTS
MNG;Mongolia;Asia;Eastern Asia;Victims of sexual violence;by relationship to perpetrator;Perpetrator unknown to the victim;Male;2016;Counts;0;CTS
MNG;Mongolia;Asia;Eastern Asia;Victims of sexual violence;by relationship to perpetrator;Relationship to perpetrator is not known;Male;2016;Counts;0;CTS
MNG;Mongolia;Asia;Eastern Asia;Victims of sexual violence;by relationship to perpetrator;Intimate partner or family member;Male;2017;Counts;2;CTS
MNG;Mongolia;Asia;Eastern Asia;Victims of sexual violence;by relationship to perpetrator;Other Perpetrator known to the victim;Male;2017;Counts;8;CTS
MNG;Mongolia;Asia;Eastern Asia;Victims of sexual violence;by relationship to perpetrator;Perpetrator unknown to the victim;Male;2017;Counts;0;CTS
MNG;Mongolia;Asia;Eastern Asia;Victims of sexual violence;by relationship to perpetrator;Relationship to perpetrator is not known;Male;2017;Counts;0;CTS
MNG;Mongolia;Asia;Eastern Asia;Victims of sexual violence;by relationship to perpetrator;Intimate partner or family member;Male;2018;Counts;3;CTS
MNG;Mongolia;Asia;Eastern Asia;Victims of sexual violence;by relationship to perpetrator;Other Perpetrator known to the victim;Male;2018;Counts;15;CTS
MNG;Mongolia;Asia;Eastern Asia;Victims of sexual violence;by relationship to perpetrator;Perpetrator unknown to the victim;Male;2018;Counts;1;CTS
MNG;Mongolia;Asia;Eastern Asia;Victims of sexual violence;by relationship to perpetrator;Relationship to perpetrator is not known;Male;2018;Counts;0;CTS
MNG;Mongolia;Asia;Eastern Asia;Victims of sexual violence;by relationship to perpetrator;Intimate partner or family member;Male;2019;Counts;2;CTS
MNG;Mongolia;Asia;Eastern Asia;Victims of sexual violence;by relationship to perpetrator;Other Perpetrator known to the victim;Male;2019;Counts;0;CTS
MNG;Mongolia;Asia;Eastern Asia;Victims of sexual violence;by relationship to perpetrator;Perpetrator unknown to the victim;Male;2019;Counts;0;CTS
MNG;Mongolia;Asia;Eastern Asia;Victims of sexual violence;by relationship to perpetrator;Intimate partner or family member;Male;2020;Counts;0;CTS
MNG;Mongolia;Asia;Eastern Asia;Victims of sexual violence;by relationship to perpetrator;Other Perpetrator known to the victim;Male;2020;Counts;2;CTS
MNG;Mongolia;Asia;Eastern Asia;Victims of sexual violence;by relationship to perpetrator;Perpetrator unknown to the victim;Male;2020;Counts;0;CTS
NOR;Norway;Europe;Northern Europe;Victims of sexual violence;by relationship to perpetrator;Relationship to perpetrator is not known;Male;2015;Counts;3302;CTS
NOR;Norway;Europe;Northern Europe;Victims of sexual violence;by relationship to perpetrator;Relationship to perpetrator is not known;Male;2016;Counts;3987;CTS
NOR;Norway;Europe;Northern Europe;Victims of sexual violence;by relationship to perpetrator;Relationship to perpetrator is not known;Male;2017;Counts;894;CTS
NOR;Norway;Europe;Northern Europe;Victims of sexual violence;by relationship to perpetrator;Relationship to perpetrator is not known;Male;2018;Counts;914;CTS
NOR;Norway;Europe;Northern Europe;Victims of sexual violence;by relationship to perpetrator;Relationship to perpetrator is not known;Male;2019;Counts;582;CTS
NOR;Norway;Europe;Northern Europe;Victims of sexual violence;by relationship to perpetrator;Relationship to perpetrator is not known;Male;2020;Counts;619;CTS
NZL;New Zealand;Oceania;Australia and New Zealand;Victims of sexual violence;by relationship to perpetrator;Intimate partner or family member;Male;2015;Counts;48;CTS
NZL;New Zealand;Oceania;Australia and New Zealand;Victims of sexual violence;by relationship to perpetrator;Other Perpetrator known to the victim;Male;2015;Counts;105;CTS
NZL;New Zealand;Oceania;Australia and New Zealand;Victims of sexual violence;by relationship to perpetrator;Perpetrator unknown to the victim;Male;2015;Counts;21;CTS
NZL;New Zealand;Oceania;Australia and New Zealand;Victims of sexual violence;by relationship to perpetrator;Relationship to perpetrator is not known;Male;2015;Counts;481;CTS
NZL;New Zealand;Oceania;Australia and New Zealand;Victims of sexual violence;by relationship to perpetrator;Intimate partner or family member;Male;2016;Counts;66;CTS
NZL;New Zealand;Oceania;Australia and New Zealand;Victims of sexual violence;by relationship to perpetrator;Other Perpetrator known to the victim;Male;2016;Counts;106;CTS
NZL;New Zealand;Oceania;Australia and New Zealand;Victims of sexual violence;by relationship to perpetrator;Perpetrator unknown to the victim;Male;2016;Counts;24;CTS
NZL;New Zealand;Oceania;Australia and New Zealand;Victims of sexual violence;by relationship to perpetrator;Relationship to perpetrator is not known;Male;2016;Counts;437;CTS
NZL;New Zealand;Oceania;Australia and New Zealand;Victims of sexual violence;by relationship to perpetrator;Intimate partner or family member;Male;2017;Counts;41;CTS
NZL;New Zealand;Oceania;Australia and New Zealand;Victims of sexual violence;by relationship to perpetrator;Other Perpetrator known to the victim;Male;2017;Counts;92;CTS
NZL;New Zealand;Oceania;Australia and New Zealand;Victims of sexual violence;by relationship to perpetrator;Perpetrator unknown to the victim;Male;2017;Counts;19;CTS
NZL;New Zealand;Oceania;Australia and New Zealand;Victims of sexual violence;by relationship to perpetrator;Relationship to perpetrator is not known;Male;2017;Counts;481;CTS
NZL;New Zealand;Oceania;Australia and New Zealand;Victims of sexual violence;by relationship to perpetrator;Intimate partner or family member;Male;2018;Counts;42;CTS
NZL;New Zealand;Oceania;Australia and New Zealand;Victims of sexual violence;by relationship to perpetrator;Other Perpetrator known to the victim;Male;2018;Counts;89;CTS
NZL;New Zealand;Oceania;Australia and New Zealand;Victims of sexual violence;by relationship to perpetrator;Perpetrator unknown to the victim;Male;2018;Counts;27;CTS
NZL;New Zealand;Oceania;Australia and New Zealand;Victims of sexual violence;by relationship to perpetrator;Relationship to perpetrator is not known;Male;2018;Counts;500;CTS
OMN;Oman;Asia;Western Asia;Victims of sexual violence;by relationship to perpetrator;Intimate partner or family member;Male;2017;Counts;0;CTS
OMN;Oman;Asia;Western Asia;Victims of sexual violence;by relationship to perpetrator;Other Perpetrator known to the victim;Male;2017;Counts;60;CTS
OMN;Oman;Asia;Western Asia;Victims of sexual violence;by relationship to perpetrator;Perpetrator unknown to the victim;Male;2017;Counts;0;CTS
OMN;Oman;Asia;Western Asia;Victims of sexual violence;by relationship to perpetrator;Relationship to perpetrator is not known;Male;2017;Counts;0;CTS
OMN;Oman;Asia;Western Asia;Victims of sexual violence;by relationship to perpetrator;Intimate partner or family member;Male;2018;Counts;0;CTS
OMN;Oman;Asia;Western Asia;Victims of sexual violence;by relationship to perpetrator;Other Perpetrator known to the victim;Male;2018;Counts;69;CTS
OMN;Oman;Asia;Western Asia;Victims of sexual violence;by relationship to perpetrator;Perpetrator unknown to the victim;Male;2018;Counts;0;CTS
OMN;Oman;Asia;Western Asia;Victims of sexual violence;by relationship to perpetrator;Relationship to perpetrator is not known;Male;2018;Counts;0;CTS
OMN;Oman;Asia;Western Asia;Victims of sexual violence;by relationship to perpetrator;Intimate partner or family member;Male;2020;Counts;3;CTS
OMN;Oman;Asia;Western Asia;Victims of sexual violence;by relationship to perpetrator;Other Perpetrator known to the victim;Male;2020;Counts;53;CTS
PAN;Panama;Americas;Latin America and the Caribbean;Victims of sexual violence;by relationship to perpetrator;Intimate partner or family member;Male;2017;Counts;13;PPR
PAN;Panama;Americas;Latin America and the Caribbean;Victims of sexual violence;by relationship to perpetrator;Other Perpetrator known to the victim;Male;2017;Counts;1;PPR
PAN;Panama;Americas;Latin America and the Caribbean;Victims of sexual violence;by relationship to perpetrator;Perpetrator unknown to the victim;Male;2017;Counts;0;PPR
PAN;Panama;Americas;Latin America and the Caribbean;Victims of sexual violence;by relationship to perpetrator;Relationship to perpetrator is not known;Male;2017;Counts;157;PPR
PAN;Panama;Americas;Latin America and the Caribbean;Victims of sexual violence;by relationship to perpetrator;Intimate partner or family member;Male;2018;Counts;15;PPR
PAN;Panama;Americas;Latin America and the Caribbean;Victims of sexual violence;by relationship to perpetrator;Other Perpetrator known to the victim;Male;2018;Counts;0;PPR
PAN;Panama;Americas;Latin America and the Caribbean;Victims of sexual violence;by relationship to perpetrator;Perpetrator unknown to the victim;Male;2018;Counts;0;PPR
PAN;Panama;Americas;Latin America and the Caribbean;Victims of sexual violence;by relationship to perpetrator;Relationship to perpetrator is not known;Male;2018;Counts;218;PPR
PAN;Panama;Americas;Latin America and the Caribbean;Victims of sexual violence;by relationship to perpetrator;Intimate partner or family member;Male;2019;Counts;29;PPR
PAN;Panama;Americas;Latin America and the Caribbean;Victims of sexual violence;by relationship to perpetrator;Other Perpetrator known to the victim;Male;2019;Counts;3;PPR
PAN;Panama;Americas;Latin America and the Caribbean;Victims of sexual violence;by relationship to perpetrator;Perpetrator unknown to the victim;Male;2019;Counts;0;PPR
PAN;Panama;Americas;Latin America and the Caribbean;Victims of sexual violence;by relationship to perpetrator;Relationship to perpetrator is not known;Male;2019;Counts;249;PPR
PAN;Panama;Americas;Latin America and the Caribbean;Victims of sexual violence;by relationship to perpetrator;Intimate partner or family member;Male;2020;Counts;14;PPR
PAN;Panama;Americas;Latin America and the Caribbean;Victims of sexual violence;by relationship to perpetrator;Other Perpetrator known to the victim;Male;2020;Counts;3;PPR
PAN;Panama;Americas;Latin America and the Caribbean;Victims of sexual violence;by relationship to perpetrator;Perpetrator unknown to the victim;Male;2020;Counts;0;PPR
PAN;Panama;Americas;Latin America and the Caribbean;Victims of sexual violence;by relationship to perpetrator;Relationship to perpetrator is not known;Male;2020;Counts;229;PPR
POL;Poland;Europe;Eastern Europe;Victims of sexual violence;by relationship to perpetrator;Relationship to perpetrator is not known;Male;2016;Counts;365;CTS
POL;Poland;Europe;Eastern Europe;Victims of sexual violence;by relationship to perpetrator;Relationship to perpetrator is not known;Male;2017;Counts;402;CTS
POL;Poland;Europe;Eastern Europe;Victims of sexual violence;by relationship to perpetrator;Relationship to perpetrator is not known;Male;2018;Counts;391;CTS
POL;Poland;Europe;Eastern Europe;Victims of sexual violence;by relationship to perpetrator;Relationship to perpetrator is not known;Male;2019;Counts;408;CTS
POL;Poland;Europe;Eastern Europe;Victims of sexual violence;by relationship to perpetrator;Relationship to perpetrator is not known;Male;2020;Counts;427;CTS
ROU;Romania;Europe;Eastern Europe;Victims of sexual violence;by relationship to perpetrator;Intimate partner or family member;Male;2015;Counts;20;CTS
ROU;Romania;Europe;Eastern Europe;Victims of sexual violence;by relationship to perpetrator;Intimate partner or family member;Male;2016;Counts;33;CTS
ROU;Romania;Europe;Eastern Europe;Victims of sexual violence;by relationship to perpetrator;Intimate partner or family member;Male;2017;Counts;31;CTS
ROU;Romania;Europe;Eastern Europe;Victims of sexual violence;by relationship to perpetrator;Intimate partner or family member;Male;2018;Counts;27;CTS
ROU;Romania;Europe;Eastern Europe;Victims of sexual violence;by relationship to perpetrator;Intimate partner or family member;Male;2019;Counts;45;CTS
ROU;Romania;Europe;Eastern Europe;Victims of sexual violence;by relationship to perpetrator;Intimate partner or family member;Male;2020;Counts;28;CTS
SLV;El Salvador;Americas;Latin America and the Caribbean;Victims of sexual violence;by relationship to perpetrator;Intimate partner or family member;Male;2017;Counts;49;CTS
SLV;El Salvador;Americas;Latin America and the Caribbean;Victims of sexual violence;by relationship to perpetrator;Other Perpetrator known to the victim;Male;2017;Counts;3;CTS
SLV;El Salvador;Americas;Latin America and the Caribbean;Victims of sexual violence;by relationship to perpetrator;Perpetrator unknown to the victim;Male;2017;Counts;456;CTS
SLV;El Salvador;Americas;Latin America and the Caribbean;Victims of sexual violence;by relationship to perpetrator;Intimate partner or family member;Male;2018;Counts;38;CTS
SLV;El Salvador;Americas;Latin America and the Caribbean;Victims of sexual violence;by relationship to perpetrator;Other Perpetrator known to the victim;Male;2018;Counts;1;CTS
SLV;El Salvador;Americas;Latin America and the Caribbean;Victims of sexual violence;by relationship to perpetrator;Perpetrator unknown to the victim;Male;2018;Counts;339;CTS
SLV;El Salvador;Americas;Latin America and the Caribbean;Victims of sexual violence;by relationship to perpetrator;Intimate partner or family member;Male;2019;Counts;35;CTS
SLV;El Salvador;Americas;Latin America and the Caribbean;Victims of sexual violence;by relationship to perpetrator;Other Perpetrator known to the victim;Male;2019;Counts;0;CTS
SLV;El Salvador;Americas;Latin America and the Caribbean;Victims of sexual violence;by relationship to perpetrator;Perpetrator unknown to the victim;Male;2019;Counts;371;CTS
SLV;El Salvador;Americas;Latin America and the Caribbean;Victims of sexual violence;by relationship to perpetrator;Intimate partner or family member;Male;2020;Counts;35;CTS
SLV;El Salvador;Americas;Latin America and the Caribbean;Victims of sexual violence;by relationship to perpetrator;Other Perpetrator known to the victim;Male;2020;Counts;0;CTS
SLV;El Salvador;Americas;Latin America and the Caribbean;Victims of sexual violence;by relationship to perpetrator;Perpetrator unknown to the victim;Male;2020;Counts;361;CTS
SVK;Slovakia;Europe;Eastern Europe;Victims of sexual violence;by relationship to perpetrator;Intimate partner or family member;Male;2013;Counts;2;CTS
SVK;Slovakia;Europe;Eastern Europe;Victims of sexual violence;by relationship to perpetrator;Intimate partner or family member;Male;2014;Counts;0;CTS
SVK;Slovakia;Europe;Eastern Europe;Victims of sexual violence;by relationship to perpetrator;Intimate partner or family member;Male;2015;Counts;10;CTS
SVK;Slovakia;Europe;Eastern Europe;Victims of sexual violence;by relationship to perpetrator;Other Perpetrator known to the victim;Male;2015;Counts;14;CTS
SVK;Slovakia;Europe;Eastern Europe;Victims of sexual violence;by relationship to perpetrator;Perpetrator unknown to the victim;Male;2015;Counts;74;CTS
SVK;Slovakia;Europe;Eastern Europe;Victims of sexual violence;by relationship to perpetrator;Intimate partner or family member;Male;2016;Counts;17;CTS
SVK;Slovakia;Europe;Eastern Europe;Victims of sexual violence;by relationship to perpetrator;Other Perpetrator known to the victim;Male;2016;Counts;12;CTS
SVK;Slovakia;Europe;Eastern Europe;Victims of sexual violence;by relationship to perpetrator;Perpetrator unknown to the victim;Male;2016;Counts;94;CTS
SVK;Slovakia;Europe;Eastern Europe;Victims of sexual violence;by relationship to perpetrator;Intimate partner or family member;Male;2017;Counts;29;CTS
SVK;Slovakia;Europe;Eastern Europe;Victims of sexual violence;by relationship to perpetrator;Other Perpetrator known to the victim;Male;2017;Counts;16;CTS
SVK;Slovakia;Europe;Eastern Europe;Victims of sexual violence;by relationship to perpetrator;Perpetrator unknown to the victim;Male;2017;Counts;75;CTS
SVK;Slovakia;Europe;Eastern Europe;Victims of sexual violence;by relationship to perpetrator;Intimate partner or family member;Male;2018;Counts;18;CTS
SVK;Slovakia;Europe;Eastern Europe;Victims of sexual violence;by relationship to perpetrator;Other Perpetrator known to the victim;Male;2018;Counts;25;CTS
SVK;Slovakia;Europe;Eastern Europe;Victims of sexual violence;by relationship to perpetrator;Perpetrator unknown to the victim;Male;2018;Counts;65;CTS
SVK;Slovakia;Europe;Eastern Europe;Victims of sexual violence;by relationship to perpetrator;Intimate partner or family member;Male;2019;Counts;25;CTS
SVK;Slovakia;Europe;Eastern Europe;Victims of sexual violence;by relationship to perpetrator;Other Perpetrator known to the victim;Male;2019;Counts;13;CTS
SVK;Slovakia;Europe;Eastern Europe;Victims of sexual violence;by relationship to perpetrator;Perpetrator unknown to the victim;Male;2019;Counts;66;CTS
SVK;Slovakia;Europe;Eastern Europe;Victims of sexual violence;by relationship to perpetrator;Intimate partner or family member;Male;2020;Counts;42;CTS
SVK;Slovakia;Europe;Eastern Europe;Victims of sexual violence;by relationship to perpetrator;Perpetrator unknown to the victim;Male;2020;Counts;118;CTS
SVN;Slovenia;Europe;Southern Europe;Victims of sexual violence;by relationship to perpetrator;Intimate partner or family member;Male;2013;Counts;16;CTS
SVN;Slovenia;Europe;Southern Europe;Victims of sexual violence;by relationship to perpetrator;Perpetrator unknown to the victim;Male;2013;Counts;9;CTS
SVN;Slovenia;Europe;Southern Europe;Victims of sexual violence;by relationship to perpetrator;Intimate partner or family member;Male;2014;Counts;9;CTS
SVN;Slovenia;Europe;Southern Europe;Victims of sexual violence;by relationship to perpetrator;Perpetrator unknown to the victim;Male;2014;Counts;27;CTS
SVN;Slovenia;Europe;Southern Europe;Victims of sexual violence;by relationship to perpetrator;Intimate partner or family member;Male;2015;Counts;5;CTS
SVN;Slovenia;Europe;Southern Europe;Victims of sexual violence;by relationship to perpetrator;Perpetrator unknown to the victim;Male;2015;Counts;15;CTS
SVN;Slovenia;Europe;Southern Europe;Victims of sexual violence;by relationship to perpetrator;Intimate partner or family member;Male;2016;Counts;9;CTS
SVN;Slovenia;Europe;Southern Europe;Victims of sexual violence;by relationship to perpetrator;Perpetrator unknown to the victim;Male;2016;Counts;43;CTS
SVN;Slovenia;Europe;Southern Europe;Victims of sexual violence;by relationship to perpetrator;Intimate partner or family member;Male;2017;Counts;10;CTS
SVN;Slovenia;Europe;Southern Europe;Victims of sexual violence;by relationship to perpetrator;Perpetrator unknown to the victim;Male;2017;Counts;46;CTS
SVN;Slovenia;Europe;Southern Europe;Victims of sexual violence;by relationship to perpetrator;Intimate partner or family member;Male;2018;Counts;2;CTS
SVN;Slovenia;Europe;Southern Europe;Victims of sexual violence;by relationship to perpetrator;Perpetrator unknown to the victim;Male;2018;Counts;17;CTS
SVN;Slovenia;Europe;Southern Europe;Victims of sexual violence;by relationship to perpetrator;Intimate partner or family member;Male;2019;Counts;6;CTS
SVN;Slovenia;Europe;Southern Europe;Victims of sexual violence;by relationship to perpetrator;Perpetrator unknown to the victim;Male;2019;Counts;31;CTS
SVN;Slovenia;Europe;Southern Europe;Victims of sexual violence;by relationship to perpetrator;Intimate partner or family member;Male;2020;Counts;10;CTS
SVN;Slovenia;Europe;Southern Europe;Victims of sexual violence;by relationship to perpetrator;Perpetrator unknown to the victim;Male;2020;Counts;15;CTS
SWE;Sweden;Europe;Northern Europe;Victims of sexual violence;by relationship to perpetrator;Relationship to perpetrator is not known;Male;2013;Counts;771;CTS
SWE;Sweden;Europe;Northern Europe;Victims of sexual violence;by relationship to perpetrator;Relationship to perpetrator is not known;Male;2014;Counts;1436;CTS
SWE;Sweden;Europe;Northern Europe;Victims of sexual violence;by relationship to perpetrator;Relationship to perpetrator is not known;Male;2015;Counts;1603;CTS
SWE;Sweden;Europe;Northern Europe;Victims of sexual violence;by relationship to perpetrator;Relationship to perpetrator is not known;Male;2016;Counts;1774;CTS
SWE;Sweden;Europe;Northern Europe;Victims of sexual violence;by relationship to perpetrator;Relationship to perpetrator is not known;Male;2017;Counts;1902;CTS
SWE;Sweden;Europe;Northern Europe;Victims of sexual violence;by relationship to perpetrator;Relationship to perpetrator is not known;Male;2018;Counts;1838;CTS
SWE;Sweden;Europe;Northern Europe;Victims of sexual violence;by relationship to perpetrator;Intimate partner or family member;Male;2019;Counts;72;CTS
SWE;Sweden;Europe;Northern Europe;Victims of sexual violence;by relationship to perpetrator;Other Perpetrator known to the victim;Male;2019;Counts;211;CTS
SWE;Sweden;Europe;Northern Europe;Victims of sexual violence;by relationship to perpetrator;Perpetrator unknown to the victim;Male;2019;Counts;233;CTS
SWE;Sweden;Europe;Northern Europe;Victims of sexual violence;by relationship to perpetrator;Relationship to perpetrator is not known;Male;2019;Counts;1465;CTS
SWE;Sweden;Europe;Northern Europe;Victims of sexual violence;by relationship to perpetrator;Intimate partner or family member;Male;2020;Counts;85;CTS
SWE;Sweden;Europe;Northern Europe;Victims of sexual violence;by relationship to perpetrator;Other Perpetrator known to the victim;Male;2020;Counts;282;CTS
SWE;Sweden;Europe;Northern Europe;Victims of sexual violence;by relationship to perpetrator;Perpetrator unknown to the victim;Male;2020;Counts;460;CTS
SWE;Sweden;Europe;Northern Europe;Victims of sexual violence;by relationship to perpetrator;Relationship to perpetrator is not known;Male;2020;Counts;1291;CTS
VEN;Venezuela (Bolivarian Republic of);Americas;Latin America and the Caribbean;Victims of sexual violence;by relationship to perpetrator;Intimate partner or family member;Male;2015;Counts;150;CTS
VEN;Venezuela (Bolivarian Republic of);Americas;Latin America and the Caribbean;Victims of sexual violence;by relationship to perpetrator;Other Perpetrator known to the victim;Male;2015;Counts;28;CTS
VEN;Venezuela (Bolivarian Republic of);Americas;Latin America and the Caribbean;Victims of sexual violence;by relationship to perpetrator;Perpetrator unknown to the victim;Male;2015;Counts;523;CTS
VEN;Venezuela (Bolivarian Republic of);Americas;Latin America and the Caribbean;Victims of sexual violence;by relationship to perpetrator;Relationship to perpetrator is not known;Male;2015;Counts;219;CTS
VEN;Venezuela (Bolivarian Republic of);Americas;Latin America and the Caribbean;Victims of sexual violence;by relationship to perpetrator;Intimate partner or family member;Male;2016;Counts;13;CTS
VEN;Venezuela (Bolivarian Republic of);Americas;Latin America and the Caribbean;Victims of sexual violence;by relationship to perpetrator;Other Perpetrator known to the victim;Male;2016;Counts;0;CTS
VEN;Venezuela (Bolivarian Republic of);Americas;Latin America and the Caribbean;Victims of sexual violence;by relationship to perpetrator;Perpetrator unknown to the victim;Male;2016;Counts;64;CTS
VEN;Venezuela (Bolivarian Republic of);Americas;Latin America and the Caribbean;Victims of sexual violence;by relationship to perpetrator;Relationship to perpetrator is not known;Male;2016;Counts;27;CTS
VEN;Venezuela (Bolivarian Republic of);Americas;Latin America and the Caribbean;Victims of sexual violence;by relationship to perpetrator;Intimate partner or family member;Male;2017;Counts;11;CTS
VEN;Venezuela (Bolivarian Republic of);Americas;Latin America and the Caribbean;Victims of sexual violence;by relationship to perpetrator;Other Perpetrator known to the victim;Male;2017;Counts;0;CTS
VEN;Venezuela (Bolivarian Republic of);Americas;Latin America and the Caribbean;Victims of sexual violence;by relationship to perpetrator;Perpetrator unknown to the victim;Male;2017;Counts;39;CTS
VEN;Venezuela (Bolivarian Republic of);Americas;Latin America and the Caribbean;Victims of sexual violence;by relationship to perpetrator;Relationship to perpetrator is not known;Male;2017;Counts;11;CTS
VEN;Venezuela (Bolivarian Republic of);Americas;Latin America and the Caribbean;Victims of sexual violence;by relationship to perpetrator;Intimate partner or family member;Male;2018;Counts;17;CTS
VEN;Venezuela (Bolivarian Republic of);Americas;Latin America and the Caribbean;Victims of sexual violence;by relationship to perpetrator;Other Perpetrator known to the victim;Male;2018;Counts;0;CTS
VEN;Venezuela (Bolivarian Republic of);Americas;Latin America and the Caribbean;Victims of sexual violence;by relationship to perpetrator;Perpetrator unknown to the victim;Male;2018;Counts;41;CTS
VEN;Venezuela (Bolivarian Republic of);Americas;Latin America and the Caribbean;Victims of sexual violence;by relationship to perpetrator;Relationship to perpetrator is not known;Male;2018;Counts;27;CTS